-- phpMyAdmin SQL Dump
-- version 4.8.4
-- https://www.phpmyadmin.net/
--
-- Host: 127.0.0.1
-- Generation Time: Jul 04, 2019 at 08:16 AM
-- Server version: 10.1.37-MariaDB
-- PHP Version: 7.3.0

SET SQL_MODE = "NO_AUTO_VALUE_ON_ZERO";
SET AUTOCOMMIT = 0;
START TRANSACTION;
SET time_zone = "+00:00";


/*!40101 SET @OLD_CHARACTER_SET_CLIENT=@@CHARACTER_SET_CLIENT */;
/*!40101 SET @OLD_CHARACTER_SET_RESULTS=@@CHARACTER_SET_RESULTS */;
/*!40101 SET @OLD_COLLATION_CONNECTION=@@COLLATION_CONNECTION */;
/*!40101 SET NAMES utf8mb4 */;

--
-- Database: `myapplication`
--

-- --------------------------------------------------------

--
-- Table structure for table `applicants`
--

CREATE TABLE `applicants` (
  `id` int(10) UNSIGNED NOT NULL,
  `app_id` char(20) COLLATE utf8mb4_unicode_ci DEFAULT NULL,
  `log_id` int(10) UNSIGNED DEFAULT NULL,
  `barangay_code` int(10) UNSIGNED DEFAULT NULL,
  `lastname` varchar(50) COLLATE utf8mb4_unicode_ci NOT NULL,
  `firstname` varchar(50) COLLATE utf8mb4_unicode_ci NOT NULL,
  `middlename` varchar(50) COLLATE utf8mb4_unicode_ci DEFAULT NULL,
  `sex` tinyint(3) UNSIGNED DEFAULT NULL,
  `age` tinyint(3) UNSIGNED DEFAULT NULL,
  `contact_number` char(20) COLLATE utf8mb4_unicode_ci DEFAULT NULL,
  `civil_status` enum('SINGLE','MARRIED','WIDOWED','DIVORCED') COLLATE utf8mb4_unicode_ci DEFAULT NULL,
  `email` varchar(191) COLLATE utf8mb4_unicode_ci DEFAULT NULL,
  `remarks` text COLLATE utf8mb4_unicode_ci,
  `status` int(10) UNSIGNED DEFAULT '0',
  `delete_status` int(10) UNSIGNED DEFAULT '0',
  `date_of_application` date DEFAULT NULL,
  `date_received` date DEFAULT NULL,
  `created_at` timestamp NULL DEFAULT NULL,
  `updated_at` timestamp NULL DEFAULT NULL
) ENGINE=InnoDB DEFAULT CHARSET=utf8mb4 COLLATE=utf8mb4_unicode_ci;

--
-- Dumping data for table `applicants`
--

INSERT INTO `applicants` (`id`, `app_id`, `log_id`, `barangay_code`, `lastname`, `firstname`, `middlename`, `sex`, `age`, `contact_number`, `civil_status`, `email`, `remarks`, `status`, `delete_status`, `date_of_application`, `date_received`, `created_at`, `updated_at`) VALUES
(3, NULL, 14, NULL, 'APLAN', 'ARNIE RODNET', 'RUBI', 1, NULL, '+63 094 818 9867', '', 'aplanrodney@yahoo.com', '', 0, 0, NULL, NULL, '2018-06-22 02:02:22', '2018-06-22 02:02:22'),
(4, NULL, 13, NULL, 'ARBOLEDA', 'RHODORA JENNIFER', 'VILLAFLOR', 2, NULL, '+63 946 011 0023', '', 'rjaboleda7@gmail.com', '', 0, 0, NULL, NULL, '2018-06-22 02:22:19', '2018-06-22 02:22:19'),
(5, NULL, 13, NULL, 'ARCIGA', 'JILLY ANN', 'PANCI_PANCI', 2, NULL, '+63 909 854 4579', '', 'jilly_parts@yahoo.com.ph', '', 0, 0, NULL, NULL, '2018-06-22 02:36:46', '2018-06-25 05:03:26'),
(6, NULL, 13, NULL, 'AYENSA', 'DEREKAMAE', 'L', 2, NULL, '+63 017 707 7230', '', 'derekaayensa@yahoo.com', '', 0, 0, NULL, NULL, '2018-06-22 02:47:24', '2018-06-22 02:47:24'),
(7, NULL, 13, NULL, 'BACADON', 'JADE', 'P', 1, NULL, '+63 948 282 2888', '', 'jpbacadon@gmail.com', '', 0, 0, NULL, NULL, '2018-06-22 03:09:59', '2018-06-22 03:09:59'),
(8, NULL, 13, NULL, 'BALINA', 'KRIS KIMBERLY', 'AGUILAR', 2, NULL, '+63 912 708 1130', '', 'kimaguilarbalina@gmail.com', '', 0, 0, NULL, NULL, '2018-06-22 04:13:32', '2018-06-22 04:13:32'),
(9, NULL, 13, NULL, 'BANDOLA', 'KIMBERLY', 'S', 2, NULL, '+63 910 010 0081', '', 'KIMBERLY.BANDOLA@GMAIL.COM', '', 0, 0, NULL, NULL, '2018-06-22 04:20:09', '2018-06-22 04:20:09'),
(10, NULL, 13, NULL, 'BOMBERO', 'RONILO', 'LLIDO', 1, NULL, '+63 946 714 4151', '', 'RON.BOMBERO@GMAIL.COM', '', 0, 0, NULL, NULL, '2018-06-22 04:30:17', '2018-06-22 04:30:17'),
(11, NULL, 13, NULL, 'CATALAN', 'JED PATRICK', 'MONTERO', 1, NULL, '+63 916 408 4124', '', 'CATALAN_JEDPATRICK@YAHOO.COM', '', 0, 0, NULL, NULL, '2018-06-22 04:38:36', '2018-06-22 04:38:36'),
(16, NULL, 13, NULL, 'CERVANTES', 'DONNARHEY', 'REMOROSA', 2, NULL, '+63 907 858 7719', '', 'DRCERVZ@GMAIL.COM', '', 0, 0, NULL, NULL, '2018-06-22 04:57:47', '2018-06-22 04:57:47'),
(17, NULL, 13, NULL, 'CINCOO', 'ANGELOU', 'O', 1, NULL, '+63 946 678 1566', '', 'ANGELOU21@GMAIL.COM', '', 0, 0, NULL, NULL, '2018-06-22 05:08:16', '2018-06-22 05:08:16'),
(18, NULL, 13, NULL, 'CINCO', 'IAN', 'O', 1, NULL, '+63 948 279 0649', '', 'JCINCOOMBAY@GMAIL.COM', '', 0, 0, NULL, NULL, '2018-06-22 05:12:37', '2018-06-22 05:12:37'),
(19, NULL, 13, NULL, 'CINCO', 'JENETH', 'S', 2, NULL, '+63 909 176 0028', '', 'JENETHCINCO1@GMAIL.COM', '', 0, 0, NULL, NULL, '2018-06-22 05:15:44', '2018-06-22 05:15:44'),
(20, NULL, 13, NULL, 'COMBAG', 'REY', 'G', 1, NULL, '+63 956 402 6134', '', 'COMABIREY.SLSU@GMAIL.COM', '', 0, 0, NULL, NULL, '2018-06-22 05:23:18', '2018-06-22 05:23:18'),
(23, NULL, 13, NULL, 'CORRESO', 'PRINCESS LIRA MAE', 'D', 2, NULL, '+63 949 996 3865', '', 'LIRA.CORREOS@YAHOO.COM', '', 0, 0, NULL, NULL, '2018-06-22 05:33:00', '2018-06-22 05:33:00'),
(24, NULL, 13, NULL, 'DE CASTRO', 'FRANCIS ANDREI', NULL, 1, NULL, '+63 956 598 2193', '', 'FRACISANDREIDECASTRO@GMAIL.COM', '', 0, 0, NULL, NULL, '2018-06-22 05:44:10', '2018-06-22 05:44:10'),
(25, NULL, 13, NULL, 'DEDOYCO', 'LESLIE', 'LUMBATAN', 1, NULL, '+63 977 124 0932', '', 'LESLIEDEDOCO21@GMAIL.COM', '', 0, 0, NULL, NULL, '2018-06-22 06:00:22', '2018-06-22 06:00:22'),
(26, NULL, 13, NULL, 'DERECHO', 'JENNEFER', 'JAINAR', 2, NULL, '+63 998 966 3751', '', 'JENNEFER.DERECHO@GMAIL.COM', '', 0, 0, NULL, NULL, '2018-06-22 06:06:51', '2018-06-22 06:06:51'),
(27, NULL, 13, NULL, 'ESTORPE', 'CHARITY', 'LABONETE', 2, NULL, '+63 945 450 4162', '', 'CLESTORPE1023@GMAIL.COM', '', 0, 0, NULL, NULL, '2018-06-22 06:18:49', '2018-06-22 06:18:49'),
(28, NULL, 14, NULL, 'HOMECILLO', 'FREDDIE', 'OPALLA', 1, 27, '+63 948 670 7945', '', 'homefred69@gmail.com', '', 0, 0, NULL, NULL, '2018-06-22 06:22:20', '2018-06-22 06:22:20'),
(29, NULL, 13, NULL, 'FELICILDA', 'CHRISTINE DIANE', 'O', 2, NULL, '+63 947 735 4922', '', 'CHRISTINEDIANEF@YAHOO.COM', '', 0, 0, NULL, NULL, '2018-06-22 06:23:29', '2018-06-22 06:23:29'),
(30, NULL, 13, NULL, 'FUERZAS', 'JOANNA MAREY', 'A', 2, NULL, '+63 946 934 3290', '', 'JOANNAMAREYFUERZAS@GMAIL.COM', '', 0, 0, NULL, NULL, '2018-06-22 06:33:40', '2018-06-22 06:33:40'),
(31, NULL, 13, NULL, 'GARZON', 'METHELYN', 'HOROHORO', 2, NULL, '+63 909 082 5700', '', 'GMETHELYN@GMAIL.COM', '', 0, 0, NULL, NULL, '2018-06-22 06:46:18', '2018-06-22 06:46:18'),
(32, NULL, 13, NULL, 'HALLASGO', 'ANNE JANE', 'MANTE', 2, NULL, '+63 091 612 7944', '', 'JAMATH101@GMAIL.COM', '', 0, 0, NULL, NULL, '2018-06-22 06:52:01', '2018-06-22 06:52:01'),
(33, NULL, 14, NULL, 'JAMERO', 'GRETHYL', 'ARANAS', 2, 30, '+63 930 497 0862', '', 'grethylcatipay@gmail.com', '', 0, 0, NULL, NULL, '2018-06-22 06:55:45', '2018-06-22 06:55:45'),
(34, NULL, 13, NULL, 'HINAUTAN', 'JARED', 'CORADORA', 1, NULL, '+63 915 806 7959', '', 'JARED500@GMAIL.COM', '', 0, 0, NULL, NULL, '2018-06-22 06:59:24', '2018-06-22 06:59:24'),
(38, NULL, 14, NULL, 'LAGUNA', 'CHRES JOHN', 'BACLAAN', 1, 26, '+63 915 448 7862', '', 'lagunacjb@gmail.com', '', 0, 0, NULL, NULL, '2018-06-22 07:09:27', '2018-06-22 07:09:27'),
(39, NULL, 13, NULL, 'MANSILIOHAN', 'AILEEN', 'PELINIO', 2, NULL, '+63 910 227 0520', '', 'MANSILIOHANAILEENPELINIO@CMU.EDU.PH', '', 0, 0, NULL, NULL, '2018-06-22 07:12:04', '2018-06-22 07:12:04'),
(40, NULL, 14, NULL, 'LUMACANG', 'MERLIZA', 'TUMANDA', 2, 21, '+63 956 988 1998', '', 'lumacangmerlizaann@gmail.com', '', 0, 0, NULL, NULL, '2018-06-22 07:16:46', '2018-06-22 07:16:46'),
(41, NULL, 13, NULL, 'LUMANCAS', 'JAN', 'T', 2, NULL, '+63 977 817 6056', '', 'JANLUMANCAS20@GMAIL.COM', '', 0, 0, NULL, NULL, '2018-06-22 07:23:14', '2018-06-22 07:23:14'),
(42, NULL, 13, NULL, 'MILLAN', 'ICELLE', 'RAYA', 2, NULL, '+63 912 636 4551', '', 'icellegirl@gmail.com', '', 0, 0, NULL, NULL, '2018-06-22 07:35:28', '2018-06-22 07:35:28'),
(43, NULL, 13, NULL, 'MELLARES', 'LORELIE', 'CAPUNO', 2, NULL, '+63 093 687 4854', '', 'lcmillares1@gmail.com', '', 0, 0, NULL, NULL, '2018-06-22 07:42:01', '2018-06-22 07:42:01'),
(44, NULL, 13, NULL, 'PAGUTAYAO', 'JOHN RAE', 'SALON', 1, NULL, '+63 906 781 9392', '', 'jpagutayao@gamil.com', '', 0, 0, NULL, NULL, '2018-06-22 07:49:41', '2018-06-22 07:49:41'),
(45, NULL, 13, NULL, 'RAGAS', 'EVENCIO, JR.', 'GASPAR', 1, NULL, '+63 921 620 9985', '', 'vince.ragas87@gmail.com', '', 0, 0, NULL, NULL, '2018-06-22 07:55:20', '2018-06-22 07:55:20'),
(47, NULL, 13, NULL, 'SACUROM', 'ALMASAR', 'CORTEZ', 1, NULL, '+63 909 653 4125', '', 'ALMASAR666@GMAIL.COM', '', 0, 0, NULL, NULL, '2018-06-22 08:00:36', '2018-06-22 08:00:36'),
(48, NULL, 13, NULL, 'SANCHEZ', 'PATRICK NOEL', NULL, 1, NULL, '+63 995 225 3504', '', 'sanchezpatricknoel@gmail.com', '', 0, 0, NULL, NULL, '2018-06-22 08:11:51', '2018-06-22 08:11:51'),
(49, NULL, 13, NULL, 'SERON', 'MERNE ZVIA HANNAH', 'DELA CRUZ', 2, NULL, '+63 936 462 5105', '', 'mernezvia@gmail.com', '', 0, 0, NULL, NULL, '2018-06-22 08:17:34', '2018-06-22 08:17:34'),
(50, NULL, 13, NULL, 'SILANG', 'CHRISTIE', 'GULDE', 2, NULL, '+63 948 177 4000', '', 'gulde.christie@gmail.com', '', 0, 0, NULL, NULL, '2018-06-22 08:23:06', '2018-06-22 08:23:06'),
(51, NULL, 13, NULL, 'TANGHAL', 'GIDEON', 'MAGLASANG', 1, NULL, '+63 975 594 2316', '', 'tanghalgideon@yahoo.com', '', 0, 0, NULL, NULL, '2018-06-22 08:32:03', '2018-06-22 08:32:03'),
(52, NULL, 13, NULL, 'TUBO', 'MARVIN', 'LACSON', 1, NULL, '+63 918 612 9032', '', 'marvintubo@gmail.com', '', 0, 0, NULL, NULL, '2018-06-22 08:41:52', '2018-06-22 08:41:52'),
(53, NULL, 13, NULL, 'VALDEZ', 'RAYMOND', 'APELLIDO', 1, NULL, '+63 917 704 9484', '', 'zedlavodillepadnomyar02@gmail.com', '', 0, 0, NULL, NULL, '2018-06-22 08:50:07', '2018-06-22 08:50:07'),
(54, NULL, 13, NULL, 'VILLARENTE', 'GERIEMAY', 'AWA', 2, NULL, '+63 948 604 7665', '', 'geriemayv@gmail.com', '', 0, 0, NULL, NULL, '2018-06-22 08:56:04', '2018-06-22 08:56:04'),
(55, NULL, 13, NULL, 'EDNILAN', 'RODIARDIANNE', 'PLAZA', 2, NULL, '+63 926 776 6283', '', 'dianneednilan@gmail.com', '', 0, 0, NULL, NULL, '2018-06-22 09:02:20', '2018-06-22 09:02:20'),
(56, NULL, 12, NULL, 'MALINTAD JR.', 'VIRGELIO', NULL, 1, NULL, '+63 926 150 0104', '', NULL, '', 0, 0, NULL, NULL, '2018-06-22 09:27:13', '2018-06-22 09:27:13'),
(57, NULL, 4, NULL, 'DELA PENA', 'ERIC IAN', 'N.', 1, 23, '+63 126 141 765_', '', 'ric1994.ep@gmail.com', '', 0, 0, '2018-04-03', '2018-04-04', '2018-07-20 06:59:58', '2018-07-25 06:38:41'),
(58, NULL, 4, NULL, 'TIZON', 'ALAN ROYCE', 'B.', 1, 22, '+63 912 828 3837', '', 'roycetizon27@gmail.com', '', 0, 0, '2018-03-01', '2018-03-02', '2018-07-20 07:21:09', '2018-07-25 06:32:39'),
(59, NULL, 4, NULL, 'BERNALES', 'EULA', 'V.', 2, NULL, '+63 995 046 3815', '', 'bernaleseula@gmail.com', '', 0, 0, NULL, NULL, '2018-07-23 02:12:12', '2018-07-23 02:12:12'),
(60, NULL, 4, NULL, 'LUGTU', 'RHEYCALYN', 'D.', 2, 22, '+63 926 619 9697', '', 'rheycalynlugtu@yahoo.com', '', 0, 0, NULL, NULL, '2018-07-25 06:50:57', '2018-07-25 06:50:57'),
(61, NULL, 4, NULL, 'CAINDOY', 'CZRA MAE', 'M.', 2, 26, '+63 912 482 1525', '', 'czramaecaindoy@gmail.com', '', 0, 0, NULL, NULL, '2018-07-25 06:59:54', '2018-07-25 06:59:54'),
(62, NULL, 4, NULL, 'FOJAS', 'ALEXANDRA JANE', 'G.', 2, 22, '+63 956 713 1050', '', 'alexfojas@gmail.com', '', 0, 0, NULL, NULL, '2018-07-25 07:12:40', '2018-07-25 07:12:40'),
(63, NULL, 4, NULL, 'LIGALIG', 'CLENT', 'B.', 1, 22, '+63 906 640 8191', '', 'benligalig@gmail.com', '', 0, 0, NULL, NULL, '2018-07-25 07:18:58', '2018-07-25 07:18:58'),
(64, NULL, 4, NULL, 'LACIAPAG', 'GLENN CAEZAR', 'R.', 1, 22, '+63 907 540 3107', '', 'glencaezar@gmail.com', '', 0, 0, NULL, NULL, '2018-07-25 07:24:54', '2018-07-25 07:24:54'),
(65, NULL, 4, NULL, 'DE CASTRO', 'FRANCIS ANDREI', 'P.', 1, 21, '+63 956 598 2193', '', 'francisandreidecastro@gmail.com', '', 0, 0, NULL, NULL, '2018-07-25 07:33:30', '2018-07-25 07:33:30'),
(66, NULL, 4, NULL, 'GUMBAN', 'CRISTAL GALE', 'P.', 2, 21, '+63 906 729 9390', '', 'cristalgaleperezgumban@gmail.com', '', 0, 0, NULL, NULL, '2018-07-25 07:48:38', '2018-07-25 07:48:38'),
(67, NULL, 4, NULL, 'DELOSO', 'ADELINA', 'A.', 2, 31, '+63 948 738 8283', '', 'adelinadeloso@yahoo.com', '', 0, 0, NULL, NULL, '2018-07-25 08:42:04', '2018-07-25 08:42:04'),
(68, NULL, 4, NULL, 'PATES', 'MARIA VINESSA', 'N.', 2, NULL, '+63 935 004 4347', '', 'Mvpates@gmail.com', '', 0, 0, NULL, NULL, '2018-07-25 08:52:42', '2018-07-25 08:52:42'),
(69, NULL, 4, NULL, 'CABAJES', 'JENIEVEB', 'B.', 2, 25, '+63 916 281 5756', '', 'jenieveb22@gmail.com', '', 0, 0, NULL, NULL, '2018-07-26 02:10:14', '2018-07-26 02:10:14'),
(70, NULL, 4, NULL, 'JALIQUE', 'SHELLA MAE', 'P.', 2, 23, NULL, '', 'smpjalique@gmail.com', '', 0, 0, NULL, NULL, '2018-07-26 03:24:36', '2018-07-26 03:24:36'),
(71, NULL, 4, NULL, 'AGDON', 'MELJOY', 'S.', 2, 28, '+63 915 481 4327', '', 'agdonmeljoy@yahoo.com', '', 0, 0, NULL, NULL, '2018-07-26 03:44:25', '2018-07-26 03:44:25'),
(72, NULL, 4, NULL, 'SINDAY', 'DHIV PEARL', 'A.', 2, 22, NULL, '', 'sdhivpearl@yahoo.com', '', 0, 0, NULL, NULL, '2018-07-27 08:28:01', '2018-07-27 08:28:01'),
(73, NULL, 4, NULL, 'GRINO', 'JONNA GRACE', 'M.', 2, 24, '+63 946 733 6410', '', 'grinoajmatthew@gmail.com', '', 0, 0, NULL, NULL, '2018-08-13 07:08:56', '2018-08-13 07:08:56'),
(74, NULL, 4, NULL, 'ABAO', 'VANESSA', 'S.', 2, 21, '+63 907 960 3071', '', 'abaovanessa@gmail.com', '', 0, 0, NULL, NULL, '2018-08-13 07:22:15', '2018-08-13 07:22:15'),
(75, NULL, 4, NULL, 'BARIQUIT', 'LYSINDER', 'A.', 1, 23, '+63 912 165 0689', '', 'mslysinder@gmail.com', '', 0, 0, NULL, NULL, '2018-08-13 07:28:30', '2018-08-13 07:28:30'),
(76, NULL, 4, NULL, 'KUIZON', 'KEVIN', 'O.', 1, 25, '+63 938 230 1389', '', 'kevin_kuizon@gmail.com', '', 0, 0, NULL, NULL, '2018-08-13 07:35:27', '2018-08-13 07:35:27'),
(77, NULL, 4, NULL, 'MANLIMOS', 'KARL PERSIUS', 'LERIO', 1, 24, '+63 906 836 5635', '', 'karlpersius.manlimos@gmail.com', '', 0, 0, NULL, NULL, '2018-08-13 07:42:34', '2018-08-13 07:42:34'),
(78, NULL, 4, NULL, 'CALAM', 'ARIES MAE', 'P.', 2, 24, '+63 975 906 0172', '', 'ariesmaecalam@gmail.com', '', 0, 0, NULL, NULL, '2018-08-13 07:55:19', '2018-08-13 07:55:19'),
(79, NULL, 4, NULL, 'ODOG', 'JAMAICA LYN', NULL, 2, NULL, '+63 946 477 7530', '', 'odogjamaicalyn@gmail.com', '', 0, 0, NULL, NULL, '2018-08-13 08:01:29', '2018-08-13 08:01:29'),
(80, NULL, 4, NULL, 'BAHAN', 'JISSAH MAE', 'S.', 2, 22, '+63 945 766 1051', '', 'jissahmaebahan@gmail.com', '', 0, 0, NULL, NULL, '2018-08-13 08:06:03', '2018-08-13 08:06:03'),
(81, NULL, 4, NULL, 'SAGARINO', 'RONYL', 'D.', 1, 22, '+63 907 067 8476', '', 'sagarinoronyl3@gmail.com', '', 0, 0, NULL, NULL, '2018-08-13 08:13:35', '2018-08-13 08:13:35'),
(82, NULL, 4, NULL, 'GARDIOLA', 'JUNMAR', 'PITIILAN', 1, 27, '+63 910 089 5651', '', 'aquilisjay11.jg@gmail.com', '', 0, 0, NULL, NULL, '2018-08-13 08:19:50', '2018-08-13 08:19:50'),
(83, NULL, 4, NULL, 'COGENERA', 'JOAN', 'E.', 2, 23, '+63 948 319 7014', '', 'cogenera2017@gmail.com', '', 0, 0, NULL, NULL, '2018-08-13 08:27:11', '2018-08-13 08:27:11'),
(84, NULL, 4, NULL, 'CALONIA', 'VEA NICOLE', 'E.', 2, 20, '+63 965 136 0371', '', 'veanicole24@gmail.com', '', 0, 0, NULL, NULL, '2018-08-13 08:32:30', '2018-08-13 08:32:30'),
(85, NULL, 4, NULL, 'ESTRADA', 'CANDY', 'ROA', 2, 22, '+63 926 023 3444', '', 'candyestrada2k13@gmail.com', '', 0, 0, NULL, NULL, '2018-08-13 08:38:15', '2018-08-13 08:38:15'),
(86, NULL, 4, NULL, 'MANSEGUIAO', 'MARK RONALD', 'S.', 1, 32, '+63 909 835 5721', '', 'mark.manseguiao@gmail.com', '', 0, 0, NULL, NULL, '2018-08-13 08:49:24', '2018-08-13 08:49:24'),
(87, NULL, 4, NULL, 'MANSEGUIAO', 'MARK RONALD', 'S.', 1, 32, '+63 909 835 5721', '', 'mark.manseguiao@gmail.com', '', 0, 0, NULL, NULL, '2018-08-13 08:49:41', '2018-08-13 08:49:41'),
(88, NULL, 4, NULL, 'DICHOS', 'STEPHANY', 'B.', 2, 21, '+63 946 119 6488', '', 'stephanydichos@gmail.com', '', 0, 0, NULL, NULL, '2018-08-13 08:53:43', '2018-08-13 08:53:43'),
(89, NULL, 4, NULL, 'YAP', 'REICHELLE', 'E.', 2, 30, '+63 909 617 1338', '', 'yapreichelle@yahoo.com', '', 0, 0, NULL, NULL, '2018-08-13 09:03:46', '2018-08-13 09:03:46'),
(90, NULL, 4, NULL, 'MAGHANOY JR.', 'RONNIE', 'I.', 1, 22, '+63 910 998 3267', '', 'ronniejr.maghanoy07@gmail.com', '', 0, 0, NULL, NULL, '2018-08-13 09:07:33', '2018-08-13 09:07:33'),
(91, NULL, 4, NULL, 'MAKINANO', 'MARIEL', 'P.', 2, 25, '+63 997 610 8545', '', 'makinanomariel@gmail.com', '', 0, 0, NULL, NULL, '2018-08-14 01:05:34', '2018-08-14 01:05:34'),
(92, NULL, 4, NULL, 'MAKINANO', 'MARIEL', 'P.', 2, 25, '+63 997 610 8545', '', 'makinanomariel@gmail.com', '', 0, 0, NULL, NULL, '2018-08-14 01:05:37', '2018-08-14 01:05:37'),
(93, NULL, 4, NULL, 'MAKINANO', 'MARIEL', 'P.', 2, 25, '+63 997 610 8545', '', 'makinanomariel@gmail.com', '', 0, 0, NULL, NULL, '2018-08-14 01:05:39', '2018-08-14 01:05:39'),
(94, NULL, 4, NULL, 'LENDIO', 'JIO MARNN', 'MONTEFALCON', 1, 21, '+63 906 472 2247', '', 'jiolendio@gmail.com', '', 0, 0, NULL, NULL, '2018-08-14 01:47:20', '2018-08-14 01:47:20'),
(95, NULL, 4, NULL, 'FLORES', 'NOREEN SHAINE', 'S.', 2, 20, '+63 909 191 4399', '', 'noreenshainef@gmail.com', '', 0, 0, NULL, NULL, '2018-08-14 01:55:00', '2018-08-14 01:55:00'),
(96, NULL, 4, NULL, 'LAPAZ', 'JENNICAH', 'M.', 2, 20, '+63 917 757 5020', '', 'jennicah313@gmail.com', '', 0, 0, NULL, NULL, '2018-08-14 02:14:06', '2018-08-14 02:14:06'),
(97, NULL, 4, NULL, 'LAPAZ', 'JENNICAH', 'M.', 2, 20, '+63 917 757 5020', '', 'jennicah313@gmail.com', '', 0, 0, NULL, NULL, '2018-08-14 02:14:12', '2018-08-14 02:14:12'),
(98, NULL, 4, NULL, 'LAPAZ', 'JENNICAH', 'M.', 2, 20, '+63 917 757 5020', '', 'jennicah313@gmail.com', '', 0, 0, NULL, NULL, '2018-08-14 02:14:19', '2018-08-14 02:14:19'),
(99, NULL, 4, NULL, 'LAPAZ', 'JENNICAH', 'M.', 2, 20, '+63 917 757 5020', '', 'jennicah313@gmail.com', '', 0, 0, NULL, NULL, '2018-08-14 02:14:24', '2018-08-14 02:14:24'),
(100, NULL, 4, NULL, 'DACILLO', 'CHARITO', 'SENCIL', 2, 29, '+63 917 717 7001', '', 'cha.sencil@yahoo.com', '', 0, 0, NULL, NULL, '2018-08-14 02:26:36', '2018-08-14 02:26:36'),
(101, NULL, 4, NULL, 'PAGALPALAN', 'ALLAN', 'L.', 1, 39, '+63 948 288 1485', '', 'allan_pagalpalan@yahoo.com.ph', '', 0, 0, NULL, NULL, '2018-08-14 02:39:13', '2018-08-14 02:39:13'),
(102, NULL, 4, NULL, 'SABUERO', 'CIARA MAE', 'V.', 2, 0, '+63 950 184 2557', '', 'ciaramaesabuero@gmail.com', '', 0, 0, NULL, NULL, '2018-08-14 02:56:42', '2018-08-14 02:56:42'),
(103, NULL, 4, NULL, 'GAVIOLA', 'JAYAMITCH', 'B.', 2, 22, '+63 905 161 0034', '', NULL, '', 0, 0, NULL, NULL, '2018-08-14 03:03:34', '2018-08-14 03:03:34'),
(104, NULL, 4, NULL, 'SALILI', 'RHODA', 'C.', 2, 28, '+63 917 557 7528', '', 'salilirhoda.casio@gmail.com', '', 0, 0, NULL, NULL, '2018-08-14 03:23:26', '2018-08-14 03:23:26'),
(105, NULL, 4, NULL, 'FRANCO', 'LESTER DON', 'JUMAWAN', 1, 32, NULL, '', 'nanan.dxe86@gmail.com', '', 0, 0, NULL, NULL, '2018-08-14 05:21:15', '2018-08-14 05:21:15'),
(106, NULL, 4, NULL, 'CORTEZ', 'GLENN MICHAEL', 'B.', 1, 25, '+63 936 189 5884', '', 'GMBARQUIN@GMAIL.COM', '', 0, 0, NULL, NULL, '2018-08-15 08:39:31', '2018-08-15 08:39:31'),
(110, NULL, 12, NULL, 'Cruz', 'Juan', 'Dey', 1, 24, '+63 999 452 3658', NULL, 'nmu@k.com', '', 0, 0, NULL, NULL, '2019-07-02 00:27:10', '2019-07-02 00:27:10'),
(113, NULL, 12, 160202007, 'Macalalag', 'Jonason', 'Recto', 1, 24, '+63 99 576 39701', 'SINGLE', 'cipher.leo23@gmail.com', '', 0, 0, '2019-07-04', '2019-07-04', '2019-07-04 01:49:05', '2019-07-04 01:49:05');

-- --------------------------------------------------------

--
-- Table structure for table `applicant_attachments`
--

CREATE TABLE `applicant_attachments` (
  `id` int(10) UNSIGNED NOT NULL,
  `filename` varchar(191) COLLATE utf8mb4_unicode_ci NOT NULL,
  `path` varchar(191) COLLATE utf8mb4_unicode_ci NOT NULL,
  `applicant_id` int(10) UNSIGNED DEFAULT NULL,
  `created_at` timestamp NULL DEFAULT NULL,
  `updated_at` timestamp NULL DEFAULT NULL
) ENGINE=InnoDB DEFAULT CHARSET=utf8mb4 COLLATE=utf8mb4_unicode_ci;

-- --------------------------------------------------------

--
-- Table structure for table `applicant_educations`
--

CREATE TABLE `applicant_educations` (
  `id` int(10) UNSIGNED NOT NULL,
  `program` varchar(191) COLLATE utf8mb4_unicode_ci NOT NULL,
  `acronym` char(10) COLLATE utf8mb4_unicode_ci DEFAULT NULL,
  `school` varchar(191) COLLATE utf8mb4_unicode_ci NOT NULL,
  `year_graduated` date DEFAULT NULL,
  `applicant_id` int(10) UNSIGNED DEFAULT NULL,
  `created_at` timestamp NULL DEFAULT NULL,
  `updated_at` timestamp NULL DEFAULT NULL
) ENGINE=InnoDB DEFAULT CHARSET=utf8mb4 COLLATE=utf8mb4_unicode_ci;

--
-- Dumping data for table `applicant_educations`
--

INSERT INTO `applicant_educations` (`id`, `program`, `acronym`, `school`, `year_graduated`, `applicant_id`, `created_at`, `updated_at`) VALUES
(3, 'BS ELECTORICS ENGINEER', 'BSEE', 'SAINT PAUL UNIVERSITY SURIGAO', '2012-03-12', 3, '2018-06-22 02:02:22', '2018-06-22 02:02:22'),
(4, 'BS IN ARCHITECTURE', 'BSA', 'SAINT JOSEPH INSTITUTE OF TECHNOLOGY', '2014-06-30', 4, '2018-06-22 02:22:19', '2018-06-22 02:22:19'),
(5, 'BS ACCOUNTING TECHNOLOGY', 'BSAT', 'FATHER SATURNINO URIOS UNIVERSITY', '2011-05-30', 5, '2018-06-22 02:36:46', '2018-06-22 02:36:46'),
(6, 'BS IN AGRICULTURAL ENGINEERING', 'BSAE', 'XAVIER UNIVERSITY ATENEO DE CAGAYAN', '2016-06-22', 6, '2018-06-22 02:47:24', '2018-06-22 02:47:24'),
(7, 'BS IN MANAGEMENT ACCOUNTING', 'BSMA', 'ATENEO DE ZAMBOANGA UNIVERSITY', '2011-03-26', 7, '2018-06-22 03:09:59', '2018-06-22 03:09:59'),
(8, 'BS IN NURSING', 'BSN', 'FATHER SATURNINO URIOS UNIVERSITY', '2011-06-22', 8, '2018-06-22 04:13:32', '2018-06-22 04:13:32'),
(9, 'BS CHEMICAL ENGINEERING', 'BCE', 'MINDANAO STATE UNIVERSITY', '2017-06-22', 9, '2018-06-22 04:20:10', '2018-06-22 04:20:10'),
(10, 'BS PHYSICS', 'BSP', 'MINDANAO STATE UNIVERSITY', '2017-06-22', 10, '2018-06-22 04:30:17', '2018-06-22 04:30:17'),
(11, 'BS IN NURSING', 'BSN', 'MINDANAO STATE UNIVERSITY', '2009-06-22', 11, '2018-06-22 04:38:36', '2018-06-22 04:38:36'),
(14, 'BS ENVIRONMENTAL SCIENCE', 'BSES', 'SURIGAO STATE COLLEGE OF TECHNOLOGY', '2016-06-22', 16, '2018-06-22 04:57:47', '2018-06-22 04:57:47'),
(15, 'BS EDUCATION MAJOR IN BIOLOGY', 'BSED', 'AGUSAN DEL SUR STATE COLLEGE OF AGRICULTURE AND TECHNOLOGY', '2018-06-22', 17, '2018-06-22 05:08:16', '2018-06-22 05:08:16'),
(16, 'BS EDUCATION MAJOR IN BIOLOGY', 'BSED', 'CARAGA STATE UNIVERSITY', '2018-06-22', 18, '2018-06-22 05:12:37', '2018-06-22 05:12:37'),
(17, 'BS ENVIRONMENTAL SCIENCE', 'BSES', 'CARAGA STATE UNIVERSITY', '2018-05-22', 19, '2018-06-22 05:15:44', '2018-06-22 05:15:44'),
(18, 'BS DEVELOPMENT COMMUNICATION MAJOR IN EDUCATIONAL COMMUNICATION TECHNOLOGY', NULL, 'VISAYAS STATE UNIVERSITY', '2015-04-22', 20, '2018-06-22 05:23:18', '2018-06-22 05:23:18'),
(21, 'BS IN BIOLOGY', 'BSBIO', 'XAVIER UNICERSITY', '2012-06-22', 23, '2018-06-22 05:33:00', '2018-06-22 05:33:00'),
(22, 'BS GEOLOGY', 'BSG', 'UNIVERSITY OF SOUTHERN PHILIPPINES', '2017-06-22', 24, '2018-06-22 05:44:10', '2018-06-22 05:44:10'),
(23, 'BS COMMUNITY DEVELOPMENT', 'BSCD', 'MINDANAO STATE UNIVERSITY MARAWI CITY', '2016-06-22', 25, '2018-06-22 06:00:23', '2018-06-22 06:00:23'),
(24, 'BS INDUSTRIAL  ENGINEERING', 'BSID', 'FATHER SATURNINO URIOS UNIVERSITY', '2004-06-22', 26, '2018-06-22 06:06:51', '2018-06-22 06:06:51'),
(25, 'BS EDUCATION MAJOR IN ENGLISH', 'BSED', 'NEW NORTHERN MINDANAO COLLEGE INC.', '2009-04-22', 27, '2018-06-22 06:18:49', '2018-06-22 06:18:49'),
(26, 'BACHELOR OF SCIENCE IN ELECTRONICS ENGINEERING', 'BSEE', 'CARAGA STATE UNIVERSITY', '2017-05-22', 28, '2018-06-22 06:22:20', '2018-06-22 06:22:20'),
(27, 'BS MECHANICAL ENGINEERING', 'BSME', 'MINDANAO STATE UNIVERSITY', '2014-04-22', 29, '2018-06-22 06:23:29', '2018-06-22 06:23:29'),
(28, 'BS IN CHEMICAL ENGINEERING', 'BSCE', 'MSU-ILIGAN OF TECHONOLGY', '2012-06-22', 30, '2018-06-22 06:33:40', '2018-06-22 06:33:40'),
(29, 'BS PHYSICS', 'BSP', 'MINDANAO STATE UNIVERSITY- ILIGAN INSTITUTE OF TECHNOLOGY', '2013-08-04', 31, '2018-06-22 06:46:18', '2018-06-22 06:46:18'),
(30, 'BS IN ACCOUNTANCY', 'BSA', 'LICEO DE CAGAYAN UNIVERSITY', '2012-06-22', 32, '2018-06-22 06:52:01', '2018-06-22 06:52:01'),
(31, 'BACHELOR OF SCIENCE IN PHYSICS', 'BSPhy', 'MINDANAO STATE UNIVERSITY', '2010-05-08', 33, '2018-06-22 06:55:45', '2018-06-22 06:55:45'),
(32, 'BS COMPUTER SCIENCE', 'BSCS', 'TECHNOLOGICAL UNIVERSITY OF THE PHILIPPINES - MANILA', '2001-06-22', 34, '2018-06-22 06:59:24', '2018-06-22 06:59:24'),
(36, 'BACHELOR OF SCIENCE IN CHEMISTRY', 'BSChem', 'MINDANAO STATE UNIVERSITY-MAIN CAMPUS', '2013-05-10', 38, '2018-06-22 07:09:27', '2018-06-22 07:09:27'),
(37, 'AB SOCIOLOGY', NULL, 'CENTRAL MINDANAO UNIVERSITY', '2017-05-26', 39, '2018-06-22 07:12:04', '2018-06-22 07:12:04'),
(38, 'BACHELOR OF SCIENCE IN COMPUTER SCIENCE', 'BSCS', 'FATHER SATURNINO URIOS UNIVERSITY', '2017-03-17', 40, '2018-06-22 07:16:46', '2018-06-22 07:16:46'),
(39, 'BS CHEMICAL ENGINEERING', 'BSCH', 'MINDANAO STATE UNIVERSITY- ILIGAN INSTITUTE OF TECHNOLOGY', '2014-04-22', 41, '2018-06-22 07:23:14', '2018-06-22 07:23:14'),
(40, 'BSBA-ENTREP MARKITING', 'BSBA', 'MINDANAO STATE UNIVERSITY- MAIN', '2007-06-22', 42, '2018-06-22 07:35:28', '2018-06-22 07:35:28'),
(41, 'BS IN NUTRITION', NULL, 'UNIVERSITY OF THE PHILIPPINES-LOS BANOS', '2017-06-24', 43, '2018-06-22 07:42:01', '2018-06-22 07:42:01'),
(42, 'BS IN AGRICULTURE', NULL, 'CENTRAL MINDANAO UNIVERSITY', '2017-06-20', 44, '2018-06-22 07:49:41', '2018-06-22 07:49:41'),
(43, 'BS MECHANICAL ENGINEERING', 'BSME', 'UNIVERSITY OF MINDANAO - MATINA CAMPUS', NULL, 45, '2018-06-22 07:55:20', '2018-06-22 07:55:20'),
(45, 'BS IN ENVIRONMENTAL SCIENCE', NULL, 'CARAGA STATE UNIVERSITY', '2009-06-22', 47, '2018-06-22 08:00:36', '2018-06-22 08:00:36'),
(46, 'BS COMPUTER SCIENCE', 'BSCS', 'FATHER SATURNINO URIOS UNIVERSITY', '2016-03-23', 48, '2018-06-22 08:11:51', '2018-06-22 08:11:51'),
(47, 'BS IN PHARMACY', NULL, 'UNIVERSITY OF SANTO TOMAS', '2014-06-22', 49, '2018-06-22 08:17:34', '2018-06-22 08:17:34'),
(48, 'BS CHEMICAL ENGINEERING', NULL, 'UNIVERSITY OF THE PHILIPPINES', '2002-06-22', 50, '2018-06-22 08:23:06', '2018-06-22 08:23:06'),
(49, 'BS ENVIRONMENTAL SCIENCE', 'BSES', 'CARAGA STATE UNIVERSITY', '2012-06-22', 51, '2018-06-22 08:32:03', '2018-06-22 08:32:03'),
(50, 'BS IN FORESTRY', NULL, 'UNIVERSITY OF SOUTHERN PHILIPPINES - BISLIG CAMPUS', '2010-04-08', 52, '2018-06-22 08:41:52', '2018-06-22 08:41:52'),
(51, 'BS CIVIL ENGINEERING', 'BSCE', 'CENTRAL LUZON STATE UNIVERSITY', '2014-06-22', 53, '2018-06-22 08:50:08', '2018-06-22 08:50:08'),
(52, 'BS IN FISHERIES', NULL, 'MINDANAO STATE UNIVERSITY MARAWI CITY', '2015-06-22', 54, '2018-06-22 08:56:04', '2018-06-22 08:56:04'),
(53, 'BS INFORMATION TECHNOLOGY', 'BSIT', 'FATHER SATUNINO URIOS UNIVERSITY', '2016-06-22', 55, '2018-06-22 09:02:20', '2018-06-22 09:02:20'),
(54, 'BS IN COMPUTER SCIENCE', 'BSCS', 'CARAGA STATE UNIVERSITY', '2011-03-30', 56, '2018-06-22 09:27:13', '2018-06-22 09:27:13'),
(55, 'BACHELOR OF SCIENCE IN BIOLOGY', 'BS BIO', 'FATHER SATURNINO URIOS UNIVERSITY', NULL, 57, '2018-07-20 06:59:58', '2018-07-20 06:59:58'),
(56, 'BACHELOR OF SCIENCE IN GEOLOGY', 'BSG', 'UNIVERSITY  OF SOUTHEASTERN PHILIPPINES', '2017-05-20', 58, '2018-07-20 07:21:09', '2018-07-20 07:21:09'),
(57, 'BACHELOR OF SCIENCE IN MATHEMATICS', 'BS MATH', 'UNIVERSITY OF THE PHILIPPNES - CEBU', '2017-05-26', 59, '2018-07-23 02:12:12', '2018-07-23 02:12:12'),
(58, 'BACHELOR OF SCIENCE IN GEOLOGY', 'BSGeo', 'UNIVERSITY OF SOUTHEASTERN PHILIPPINES', '2017-05-01', 60, '2018-07-25 06:50:57', '2018-07-25 06:50:57'),
(59, 'BACHELOR OF SCIENCE IN FORESTRY', 'BSF', 'CARAGA STATE UNIVERSITY', '2016-04-12', 61, '2018-07-25 06:59:54', '2018-07-25 06:59:54'),
(60, 'BACHELOR OF SCIENCE IN BIOLOGY', 'BS BIO', 'UNIVERSITY OF THE PHILIPPINES-CEBU', '2016-07-25', 62, '2018-07-25 07:12:40', '2018-07-25 07:12:40'),
(61, 'BACHELOR OF SCIENCE IN PHYSICS', NULL, 'MINDANAO STATE UNIVERSITY-IIT', '2017-05-25', 63, '2018-07-25 07:18:58', '2018-07-25 07:18:58'),
(62, 'BACHELOR OF SCIENCE IN CHEMISTRY', 'BS CHEM', 'MINDANAO STATE UNIVERSITY -MARAWI', '2016-05-25', 64, '2018-07-25 07:24:54', '2018-07-25 07:24:54'),
(63, 'BACHELOR OF SCIENCE IN GEOLOGY', 'BS GEO', 'UNIVERSITY OF  SOUTHEASTERN  PHILIPPINES', '2017-05-25', 65, '2018-07-25 07:33:30', '2018-07-25 07:33:30'),
(64, 'BACHELOR OF SCIENCE IN BIOLOGY NUTRITION AND DIETETICS', 'BSND', 'WESTERN MINDANAO STATE UNIVERSITY (WMSU)', NULL, 66, '2018-07-25 07:48:38', '2018-07-25 07:48:38'),
(65, 'BACHELOR OF SCIENCE IN ENVIRONMENTAL SCIENCE', 'BSES', 'MINDANAO STATE UNIVERSITY-MAIN CAMPUS', '2013-05-25', 67, '2018-07-25 08:42:04', '2018-07-25 08:42:04'),
(66, 'BACHELOR OF SCIENCE IN FOOD TECHNOLOGY', NULL, 'XAVIER UNIVERSITY-ATENEO DE CAGAYAN', '2017-03-25', 68, '2018-07-25 08:52:42', '2018-07-25 08:52:42'),
(67, 'BACHELOR OF SECONDARY EDUCATION MAJOR IN BIOLOGY', 'BSED', 'CARAGA STATE UNIVERSITY', '2017-06-15', 69, '2018-07-26 02:10:15', '2018-07-26 02:10:15'),
(68, 'BACHELOR OF SCIENCE IN BIOLOGY', 'BS BIO', 'MINDANAO STATE UNIVERITY- ILIGAN INSTITUTE OF TECHNOLOGY', '2017-05-26', 70, '2018-07-26 03:24:36', '2018-07-26 03:24:36'),
(69, 'BACHELOR OF SCIENCE IN ENVIRONMENTAL SCIENCE', NULL, 'CARAGA STATE UNIVERSITY- MAIN CAMPUS', '2011-03-26', 71, '2018-07-26 03:44:25', '2018-07-26 03:44:25'),
(70, 'BACHELOR OF SCIENCE IN MARINE BIOLOGY', NULL, 'SURIGAO DEL SUR STATE UNIVERSITY- LIANGA CAMPUS', '2016-04-04', 72, '2018-07-27 08:28:01', '2018-07-27 08:28:01'),
(71, 'BACHELOR OF SCIENCE IN BIOLOGY', 'BS BIO', 'CARAGA STATE UNIVERSITY', '2015-05-13', 73, '2018-08-13 07:08:56', '2018-08-13 07:08:56'),
(72, 'BACHELOR OF ENVIRONMENTAL SCIENCE', 'BSES', 'SURIGAO STATE COLLEGE OF TECHNOLOGY', '2018-05-13', 74, '2018-08-13 07:22:15', '2018-08-13 07:22:15'),
(73, 'BACHELOR OF ENVIRONMENTAL SCIENCE', 'BSES', 'CARAGA STATE UNIVERSITY-MAIN CAMPUS', '2015-05-13', 75, '2018-08-13 07:28:30', '2018-08-13 07:28:30'),
(74, 'BACHELOR OF ENVIRONMENTAL SCIENCE', 'BSES', 'MINDANAO STATE UNIVERITY- MAIN CAMPUS', '2014-12-13', 76, '2018-08-13 07:35:27', '2018-08-13 07:35:27'),
(75, 'BACHELOR OF SCIENCE IN STATISTICS', NULL, 'MINDANAO STATE UNIVERITY- ILIGAN INSTITUTE OF TECHNOLOGY', '2015-05-13', 77, '2018-08-13 07:42:34', '2018-08-13 07:42:34'),
(76, 'BACHELOR OF SCIENCE IN PHYSICS', NULL, 'MINDANAO STATE UNIVERITY- ILIGAN INSTITUTE OF TECHNOLOGY', '2014-04-13', 78, '2018-08-13 07:55:19', '2018-08-13 07:55:19'),
(77, 'UNDERGRADUATE- BBS CHEMISTRY', NULL, 'MINDANAO STATE UNIVERITY- MAIN CAMPUS', NULL, 79, '2018-08-13 08:01:29', '2018-08-13 08:01:29'),
(78, 'BACHELOR OF SCIENCE IN BIOLOGY', NULL, 'MINDANAO STATE UNIVERITY- ILIGAN INSTITUTE OF TECHNOLOGY', '2018-06-13', 80, '2018-08-13 08:06:03', '2018-08-13 08:06:03'),
(79, 'BACHELOR OF SCIENCE IN MEDICAL TECHNOLOGY', 'BSMT', 'MOUNTAIN VIEW COLLEGE', '2017-05-27', 81, '2018-08-13 08:13:35', '2018-08-13 08:13:35'),
(80, 'BACHELOR OF SCIENCE IN MATHEMATICS', NULL, 'MINDANAO STATE UNIVERITY- ILIGAN INSTITUTE OF TECHNOLOGY', '2018-06-25', 82, '2018-08-13 08:19:50', '2018-08-13 08:19:50'),
(81, 'BACHELOR OF SCIENCE IN BIOLOGY', NULL, 'CARAGA STATE UNIVERSITY-MAIN CAMPUS', '2017-06-15', 83, '2018-08-13 08:27:11', '2018-08-13 08:27:11'),
(82, 'BACHELOR OF SCIENCE IN ENVIRONMENTAL SCIENCE', NULL, 'CARAGA STATE UNIVERSITY', '2018-05-31', 84, '2018-08-13 08:32:30', '2018-08-13 08:32:30'),
(83, 'BACHELOR OF SCIENCE IN FOOD TECHNOLOGY', NULL, 'XAVIER UNIVERSITY- ATENEO DE CAGAYAN', '2017-03-13', 85, '2018-08-13 08:38:16', '2018-08-13 08:38:16'),
(84, 'BACHELOR OF SCIENCE IN BIOLOGY', NULL, 'UNIVERSITY OF THE PHILIPPINES- MINDANAO', '2017-06-13', 86, '2018-08-13 08:49:24', '2018-08-13 08:49:24'),
(85, 'BACHELOR OF SCIENCE IN BIOLOGY', NULL, 'UNIVERSITY OF THE PHILIPPINES- MINDANAO', '2017-06-13', 87, '2018-08-13 08:49:41', '2018-08-13 08:49:41'),
(86, 'BACHELOR OF SCIENCE IN BIOLOGY', NULL, 'CARAGA STATE UNIVERSITY', '2018-06-13', 88, '2018-08-13 08:53:43', '2018-08-13 08:53:43'),
(87, 'BACHELOR OF SCIENCE IN RADIOLOGIC TECHNOLOGY', NULL, 'ASIAN COLLEGE FOUNDATION', '2007-04-13', 89, '2018-08-13 09:03:46', '2018-08-13 09:03:46'),
(88, 'BACHELOR OF SCIENCE IN CHEMISTRY', NULL, 'MINDANAO STATE UNIVERITY- ILIGAN INSTITUTE OF TECHNOLOGY', NULL, 90, '2018-08-13 09:07:33', '2018-08-13 09:07:33'),
(89, 'BACHELOR OF SCIENCE IN PHYSICS', NULL, 'MINDANAO STATE UNIVERITY- ILIGAN INSTITUTE OF TECHNOLOGY', '2014-06-14', 91, '2018-08-14 01:05:34', '2018-08-14 01:05:34'),
(90, 'BACHELOR OF SCIENCE IN PHYSICS', NULL, 'MINDANAO STATE UNIVERITY- ILIGAN INSTITUTE OF TECHNOLOGY', '2014-06-14', 92, '2018-08-14 01:05:37', '2018-08-14 01:05:37'),
(91, 'BACHELOR OF SCIENCE IN PHYSICS', NULL, 'MINDANAO STATE UNIVERITY- ILIGAN INSTITUTE OF TECHNOLOGY', '2014-06-14', 93, '2018-08-14 01:05:39', '2018-08-14 01:05:39'),
(92, 'BACHELOR OF SCIENCE IN GEOLOGY', NULL, 'UNIVERSITY  OF SOUTHEASTERN PHILIPPINES', '2017-06-14', 94, '2018-08-14 01:47:20', '2018-08-14 01:47:20'),
(93, 'BACHELOR OF SCIENCE IN GEOLOGY', NULL, 'UNIVERSITY OF SOUTHEASTERN PHILIPPINES', '2017-11-14', 95, '2018-08-14 01:55:00', '2018-08-14 01:55:00'),
(94, 'BACHELOR OF SCIENCE IN ACCOUNTING TECHNOLOGY', NULL, 'FATHER SATURNINO URIOS UNIVERSITY', '2018-06-14', 96, '2018-08-14 02:14:06', '2018-08-14 02:14:06'),
(95, 'BACHELOR OF SCIENCE IN ACCOUNTING TECHNOLOGY', NULL, 'FATHER SATURNINO URIOS UNIVERSITY', '2018-06-14', 97, '2018-08-14 02:14:12', '2018-08-14 02:14:12'),
(96, 'BACHELOR OF SCIENCE IN ACCOUNTING TECHNOLOGY', NULL, 'FATHER SATURNINO URIOS UNIVERSITY', '2018-06-14', 98, '2018-08-14 02:14:19', '2018-08-14 02:14:19'),
(97, 'BACHELOR OF SCIENCE IN ACCOUNTING TECHNOLOGY', NULL, 'FATHER SATURNINO URIOS UNIVERSITY', '2018-06-14', 99, '2018-08-14 02:14:24', '2018-08-14 02:14:24'),
(98, 'BACHELOR OF SCIENCE IN MANAGEMENT ACCOUNTING', NULL, 'XAVIER UNIVERSITY- ATENEO DE CAGAYAN', NULL, 100, '2018-08-14 02:26:36', '2018-08-14 02:26:36'),
(99, 'BACHELOR OF SCIENCE IN ACCOUNTANCY', NULL, 'NORTHEASTERN MINDANAO COLLEGES', '2000-03-14', 101, '2018-08-14 02:39:13', '2018-08-14 02:39:13'),
(100, 'BACHELOR OF SCIENCE IN BUSINESS ADMINISTRATION MAJOR IN ENTREPRENEURIAL MARKETING', 'BSBA', 'MINDANAO STATE UNIVERITY', '2018-06-20', 102, '2018-08-14 02:56:42', '2018-08-14 02:56:42'),
(101, 'BACHELOR OF SCIENCE IN BUSINESS ADMINISTRATION MAJOR IN MARKETING MANAGEMENT', NULL, 'VALENCIA COLLEGES (BUKIDNON) INC.', NULL, 103, '2018-08-14 03:03:34', '2018-08-14 03:03:34'),
(102, 'BACHELOR OF SCIENCE IN ACCOUNTANCY', NULL, 'SURIGAO EDUCATION CENTER', '2011-05-11', 104, '2018-08-14 03:23:26', '2018-08-14 03:23:26'),
(103, 'BACHELOR OF SCIENCE IN BIOLOGY COMMERCE', NULL, 'SAINT MICHAEL COLLEGE OF CARAGA', '2008-03-25', 105, '2018-08-14 05:21:15', '2018-08-14 05:21:15'),
(104, 'BACHELOR OF SCIENCE IN BUSINESS ADMINISTRATION MAJOR IN FINANCIAL MANAGEMENT', 'BSBA', 'FATHER SATURNINO URIOS UNIVERSITY', '2016-05-15', 106, '2018-08-15 08:39:31', '2018-08-15 08:39:31'),
(111, 'BS Nuclear Engineering', 'BSNE', 'MIT', '2014-07-15', 110, '2019-07-02 00:27:10', '2019-07-02 00:27:10'),
(114, 'Bachelor of Science in Information Technology', 'BSIT', 'Caraga State University', '2019-07-04', 113, '2019-07-04 01:49:06', '2019-07-04 01:49:06');

-- --------------------------------------------------------

--
-- Table structure for table `applicant_eligibilities`
--

CREATE TABLE `applicant_eligibilities` (
  `id` int(10) UNSIGNED NOT NULL,
  `license_number` char(50) COLLATE utf8mb4_unicode_ci DEFAULT NULL,
  `title` varchar(191) COLLATE utf8mb4_unicode_ci NOT NULL,
  `rating` decimal(10,2) DEFAULT NULL,
  `exam_date` date DEFAULT NULL,
  `applicant_id` int(10) UNSIGNED DEFAULT NULL,
  `created_at` timestamp NULL DEFAULT NULL,
  `updated_at` timestamp NULL DEFAULT NULL
) ENGINE=InnoDB DEFAULT CHARSET=utf8mb4 COLLATE=utf8mb4_unicode_ci;

--
-- Dumping data for table `applicant_eligibilities`
--

INSERT INTO `applicant_eligibilities` (`id`, `license_number`, `title`, `rating`, `exam_date`, `applicant_id`, `created_at`, `updated_at`) VALUES
(1, '0065982', 'ELECTRONICS ENGINEER', NULL, '2017-04-07', 3, '2018-06-22 02:02:22', '2018-06-22 02:02:22'),
(2, '0038971', 'ARCHITECTURE LICENSE EXAM', '73.00', '2016-06-22', 4, '2018-06-22 02:22:19', '2018-06-22 02:22:19'),
(3, 'KO1-15-000207', 'PROFESSIONAL DRIVER\'S LICENSE', '12.00', '2015-01-14', 5, '2018-06-22 02:36:47', '2018-06-22 02:36:47'),
(4, '177307', 'CAREER SERVICE PROFESSIONAL', '81.70', '2010-04-25', 7, '2018-06-22 03:09:59', '2018-06-22 03:09:59'),
(5, '0745226', 'NLE (NURSING LICENSURE EXAMINATION)', '80.40', '2011-12-18', 8, '2018-06-22 04:13:32', '2018-06-22 04:13:32'),
(6, '395526', 'CAREER SERVICE PROFESSIONAL EXAMINATION', '85.07', '2015-05-03', 9, '2018-06-22 04:20:10', '2018-06-22 04:20:10'),
(7, '376486', 'CIVIL SERVICE PROFESSIONAL (SECOND LEVEL ELIGIBILITY)', '85.30', '2017-08-06', 10, '2018-06-22 04:30:17', '2018-06-22 04:30:17'),
(8, '0617568', 'PHILIPPINE REGISTERED NURSE', NULL, '2010-03-12', 11, '2018-06-22 04:38:36', '2018-06-22 04:38:36'),
(9, 'CERTIFICATION NO. 104 SERIES OF 2016', 'CIVIL SERVICE PROFESSIONAL ELIGIBILITY', '83.51', '2016-10-23', 16, '2018-06-22 04:57:47', '2018-06-22 04:57:47'),
(10, 'RA 1080', 'LICENSURE EXAMINATION FOR PROFESSIONAL TEACHERS', NULL, NULL, 20, '2018-06-22 05:23:18', '2018-06-22 05:23:18'),
(11, NULL, 'CAREER SERVICE PROFESSIONAL', '83.20', '2004-10-17', 26, '2018-06-22 06:06:51', '2018-06-22 06:06:51'),
(12, '10150137', 'CIVIL SERVICE ELEGEBILITY', NULL, '2009-04-02', 27, '2018-06-22 06:18:49', '2018-06-22 06:18:49'),
(13, NULL, 'CAREER SERVICE PROFESSIONAL EXAMINATION', '81.13', '2018-03-18', 28, '2018-06-22 06:22:20', '2018-06-22 06:22:20'),
(14, NULL, 'LICENSED CHEMICAL ENGINEER', NULL, NULL, 30, '2018-06-22 06:33:40', '2018-06-22 06:33:40'),
(15, '1493855', 'LICENSURE EXAMINATION FOR TEACHERS', '82.00', '2016-09-25', 31, '2018-06-22 06:46:18', '2018-06-22 06:46:18'),
(16, NULL, 'CAREER SERVICE PROFESSIONAL EXAMINATION', '82.29', '2017-03-12', 32, '2018-06-22 06:52:01', '2018-06-22 06:52:01'),
(17, '523856', 'CAREER SERVICE PROFESSIONAL EXAMINATION', '80.49', '2012-05-27', 33, '2018-06-22 06:55:45', '2018-06-22 06:55:45'),
(18, NULL, 'CAREER SERVICE PROFESSIONAL EXAMINATION', '83.52', '2016-10-23', 34, '2018-06-22 06:59:24', '2018-06-22 06:59:24'),
(19, '12171', 'CHEMIST LICENSURE EXAMINATION', '78.50', '2014-09-17', 38, '2018-06-22 07:09:27', '2018-06-22 07:09:27'),
(20, '385601', 'CAREER SERVICE PROFESSIONAL', '81.00', '2017-03-13', 39, '2018-06-22 07:12:04', '2018-06-22 07:12:04'),
(21, NULL, 'CAREER SERVICE ELIGIBLE (PROFESSIONAL)', '87.10', '2016-10-23', 40, '2018-06-22 07:16:46', '2018-06-22 07:16:46'),
(22, NULL, 'CAREER SERVICE PROFESSIONAL', '81.35', '2007-07-22', 42, '2018-06-22 07:35:28', '2018-06-22 07:35:28'),
(23, '0018408', 'NUTRITIONIST-DIETITIAN LICENSURE EXAMINATION', '82.70', '2017-08-20', 43, '2018-06-22 07:42:01', '2018-06-22 07:42:01'),
(24, NULL, 'CAREER SERVICE PROFESSIONAL', '83.41', '2018-03-18', 44, '2018-06-22 07:49:42', '2018-06-22 07:49:42'),
(25, '0081360', 'MECHANICAL ENGINEERING BOARD EXAMINATION', NULL, NULL, 45, '2018-06-22 07:55:21', '2018-06-22 07:55:21'),
(27, '300668', 'CIVIL SERVICE PROFESSIONAL ELIGIBILITY', '80.59', '2016-07-26', 47, '2018-06-22 08:00:36', '2018-06-22 08:00:36'),
(28, NULL, 'CAREER SERVICE PROFESSIONAL (2nd level Eligibilty)', '81.40', '2016-10-23', 48, '2018-06-22 08:11:51', '2018-06-22 08:11:51'),
(29, '0071609', 'PHARMACIST LICENSURE EXAMINATION', '75.00', '2016-06-01', 49, '2018-06-22 08:17:34', '2018-06-22 08:17:34'),
(30, '0023760', 'BOARD EXAMINATION FOR CHEMICAL ENGINEERS', '73.80', '2002-11-04', 50, '2018-06-22 08:23:06', '2018-06-22 08:23:06'),
(31, '074320', 'CIVIL SERVICE PROFESSIONAL ELIGIBILITY', '80.31', '2015-10-18', 51, '2018-06-22 08:32:03', '2018-06-22 08:32:03'),
(32, NULL, 'CAREER SERVICE PROFESSIONAL EXAMINATION', '85.79', '2016-04-17', 52, '2018-06-22 08:41:52', '2018-06-22 08:41:52'),
(33, '0136644', 'LICENSURE EXAMINATION FOR CIVIL ENGINEER', NULL, '2014-12-22', 53, '2018-06-22 08:50:08', '2018-06-22 08:50:08'),
(34, '0002780', 'FISHERIES TECHNOLOGIST', '76.80', '2017-10-25', 54, '2018-06-22 08:56:04', '2018-06-22 08:56:04'),
(35, NULL, 'PROFESSIONAL CAREER SERVICE ELIGIBILITY', '80.16', '2016-10-23', 55, '2018-06-22 09:02:21', '2018-06-22 09:02:21'),
(36, NULL, 'CAREER SERVICE EXAMINATION - PROFESSIONAL', '82.77', '2017-03-12', 56, '2018-06-22 09:27:13', '2018-06-22 09:27:13'),
(37, '0002442', 'PRC-LICENSED GEOLOGIST', '77.80', NULL, 58, '2018-07-20 07:21:10', '2018-07-20 07:21:10'),
(38, '0002441', 'PRC-LICENSED GEOLOGIST', NULL, NULL, 60, '2018-07-25 06:50:57', '2018-07-25 06:50:57'),
(39, NULL, 'PRC-LICENSED FORESTER', '81.60', '2017-09-12', 61, '2018-07-25 06:59:54', '2018-07-25 06:59:54'),
(40, NULL, 'PRC-LICENSED CHEMIST', NULL, NULL, 64, '2018-07-25 07:24:54', '2018-07-25 07:24:54'),
(41, NULL, 'PRC-LICENSED GEOLOGIST', NULL, NULL, 65, '2018-07-25 07:33:30', '2018-07-25 07:33:30'),
(42, '0018768', 'PRC-LICENSED NUTRITIONIST & DIETICIAN', '82.25', '2016-05-22', 66, '2018-07-25 07:48:38', '2018-07-25 07:48:38'),
(43, '371563', 'CAREER SERVICE PROFESSIONAL', '81.82', '2016-12-03', 67, '2018-07-25 08:42:04', '2018-07-25 08:42:04'),
(44, '1602164', 'PRC-LICENSED TEACHER', NULL, NULL, 69, '2018-07-26 02:10:15', '2018-07-26 02:10:15'),
(45, NULL, 'CAREER SERVICE PROFESSIONAL', NULL, NULL, 70, '2018-07-26 03:24:36', '2018-07-26 03:24:36'),
(46, NULL, 'CAREER SERVICE PROFESSIONAL', '83.33', '2017-08-06', 72, '2018-07-27 08:28:01', '2018-07-27 08:28:01'),
(47, '2015150002031801', 'CAREER SERVICE PROFESSIONAL', '80.70', '2015-11-26', 76, '2018-08-13 07:35:27', '2018-08-13 07:35:27'),
(48, NULL, 'PRC-LICENSED TEACHER', NULL, NULL, 78, '2018-08-13 07:55:19', '2018-08-13 07:55:19'),
(49, NULL, 'PRC- LICENSED MEDICAL TECHNOLOGIST/RMT', NULL, NULL, 81, '2018-08-13 08:13:35', '2018-08-13 08:13:35'),
(50, NULL, 'CAREER SERVICE PROFESSIONAL', NULL, NULL, 85, '2018-08-13 08:38:16', '2018-08-13 08:38:16'),
(51, NULL, 'PRC-REGISTERED RADIOLOGIC TECHNOLOGIST', '85.60', '2008-12-06', 89, '2018-08-13 09:03:47', '2018-08-13 09:03:47'),
(52, NULL, 'PRC-LICENSED CHEMIST', '70.00', '2017-10-13', 90, '2018-08-13 09:07:34', '2018-08-13 09:07:34'),
(53, NULL, 'CAREER SERVICE PROFESSIONAL', NULL, NULL, 91, '2018-08-14 01:05:34', '2018-08-14 01:05:34'),
(54, NULL, 'CAREER SERVICE PROFESSIONAL', NULL, NULL, 92, '2018-08-14 01:05:37', '2018-08-14 01:05:37'),
(55, NULL, 'CAREER SERVICE PROFESSIONAL', NULL, NULL, 93, '2018-08-14 01:05:39', '2018-08-14 01:05:39'),
(56, NULL, 'PRC-LICENSED GEOLOGIST', '71.40', '2017-12-04', 95, '2018-08-14 01:55:00', '2018-08-14 01:55:00'),
(57, NULL, 'N/A', NULL, NULL, 98, '2018-08-14 02:14:19', '2018-08-14 02:14:19'),
(58, NULL, 'N/A', NULL, NULL, 99, '2018-08-14 02:14:24', '2018-08-14 02:14:24'),
(59, NULL, 'CAREER SERVICE PROFESSIONAL', NULL, NULL, 100, '2018-08-14 02:26:37', '2018-08-14 02:26:37'),
(60, NULL, 'CAREER SERVICE PROFESSIONAL', NULL, NULL, 101, '2018-08-14 02:39:13', '2018-08-14 02:39:13'),
(61, NULL, 'CAREER SERVICE PROFESSIONAL', NULL, NULL, 104, '2018-08-14 03:23:26', '2018-08-14 03:23:26'),
(62, NULL, 'CAREER SERVICE PROFESSIONAL', NULL, NULL, 105, '2018-08-14 05:21:15', '2018-08-14 05:21:15'),
(63, NULL, 'N/A', NULL, NULL, 106, '2018-08-15 08:39:31', '2018-08-15 08:39:31'),
(65, NULL, 'Civil Service Eligibility', '89.01', '2019-07-03', 110, '2019-07-02 00:27:10', '2019-07-02 00:27:10'),
(70, NULL, 'Civil Service Eligibility', '80.10', '2019-07-04', 113, '2019-07-04 01:49:06', '2019-07-04 01:49:06'),
(71, NULL, 'Electronic Data Processing Specialist', '90.00', '2019-07-04', 113, '2019-07-04 01:49:06', '2019-07-04 01:49:06');

-- --------------------------------------------------------

--
-- Table structure for table `applicant_experiences`
--

CREATE TABLE `applicant_experiences` (
  `id` int(10) UNSIGNED NOT NULL,
  `position` varchar(191) COLLATE utf8mb4_unicode_ci NOT NULL,
  `agency` varchar(191) COLLATE utf8mb4_unicode_ci NOT NULL,
  `salary_grade` decimal(10,0) DEFAULT NULL,
  `from_date` date DEFAULT NULL,
  `to_date` date DEFAULT NULL,
  `applicant_id` int(10) UNSIGNED DEFAULT NULL,
  `created_at` timestamp NULL DEFAULT NULL,
  `updated_at` timestamp NULL DEFAULT NULL
) ENGINE=InnoDB DEFAULT CHARSET=utf8mb4 COLLATE=utf8mb4_unicode_ci;

--
-- Dumping data for table `applicant_experiences`
--

INSERT INTO `applicant_experiences` (`id`, `position`, `agency`, `salary_grade`, `from_date`, `to_date`, `applicant_id`, `created_at`, `updated_at`) VALUES
(1, 'SERVICE ENGINEER', 'WELTCH SERVICE CORPORATION', '18', '2018-06-17', '2018-06-22', 3, '2018-06-22 02:02:22', '2018-06-22 02:02:22'),
(2, 'TECHNICAL SERVICE PROVIDER ARCHITECT', 'DSWD-RPMO', '36000', '2017-01-09', '2018-06-30', 4, '2018-06-22 02:22:19', '2018-06-22 02:22:19'),
(3, 'MUNICIPAL FINANCIAL ANALYST', 'DEPARTMENT OF SOCIAL WELFARE AND DEVELOPMENT', '25000', '2017-07-01', '2018-06-22', 5, '2018-06-22 02:36:47', '2018-06-22 02:36:47'),
(4, 'FIELD EXECUTION SUPERVISOR', 'ACE PROMOTIONS AND MARKETING CORP.-NESTLEPHILS.', NULL, '2016-09-22', '2018-06-22', 6, '2018-06-22 02:47:24', '2018-06-22 02:47:24'),
(5, 'PROJECT ASSISTANT II', 'DEPARTMENT OF SCIENCE AND TECHNOLOGY- CARAGA', '21860', '2017-01-23', '2018-06-22', 8, '2018-06-22 04:13:32', '2018-06-22 04:13:32'),
(6, 'STUDENT TEACHER', 'PHYSICS DEPARTMENT - COLLEGE OF NATURAL SCIENCE AND MATHEMATICS', NULL, '2014-05-04', '2014-06-27', 10, '2018-06-22 04:30:17', '2018-06-22 04:30:17'),
(7, 'RESEARCH PROGRAM CONSULTANT', 'HEALTH PROGRAM INNOVATION AND DEVELOPMENTAL PROGRAM OFFICER', NULL, '2013-03-03', NULL, 11, '2018-06-22 04:38:36', '2018-06-22 04:38:36'),
(10, 'TECHNICAL SUPPORT STAFF/ENVIRONMENTAL MONITORING OFFICER', 'DENR-EMBXIII', '18000', '2018-01-03', '2018-06-22', 16, '2018-06-22 04:57:47', '2018-06-22 04:57:47'),
(11, 'PRACTICE TEACHING', 'BUNAWAN, AGUSAN DEL SUR', NULL, '2018-01-22', '2018-03-22', 17, '2018-06-22 05:08:16', '2018-06-22 05:08:16'),
(12, 'FIELD WORK', 'SOCIAL WEATHER STATION', NULL, '2016-06-22', NULL, 19, '2018-06-22 05:15:44', '2018-06-22 05:15:44'),
(13, 'INSTRUCTOR I', 'SOUTHERN LEYTE STATE UNIVERSITY', NULL, '2017-06-22', '2018-06-22', 20, '2018-06-22 05:23:18', '2018-06-22 05:23:18'),
(14, 'QUALITY ASSURANCE ASSISTANT', 'THE PUREFOODS-HORMEL INC.', NULL, '2017-05-22', '2017-11-22', 23, '2018-06-22 05:33:00', '2018-06-22 05:33:00'),
(15, 'COMMUNITY EMPOWERMENT FACILITATOR', 'DSWD KC-NCDDP', '32194', '2017-12-01', '2018-04-30', 25, '2018-06-22 06:00:23', '2018-06-22 06:00:23'),
(16, 'REGULATOR COMPLIANCE AND ASSURANCE DEPARTMENT HEAD', 'EAST WEST RURAL BANK, INC.', '22000', '2016-08-16', '2018-06-22', 26, '2018-06-22 06:06:51', '2018-06-22 06:06:51'),
(17, 'FINANCE AND ADMINISTRATIVE STAFF/ HR STAFF', 'DEPARTMENT OF SCIENCE AND TECHNOLOGY', NULL, '2016-06-16', '2018-06-22', 27, '2018-06-22 06:18:49', '2018-06-22 06:18:49'),
(18, 'QA/QC ANALYST/EMS WORKING COMMITTEE MEMBER/ ENVIRONMENT MANAGEMENT SYSTEM INTERNAL AUDITOR', 'PHILSAGA MINING CORPORATION', NULL, NULL, NULL, 30, '2018-06-22 06:33:40', '2018-06-22 06:33:40'),
(19, 'PROJECT ASSISTANT 1', 'DEPARTMENT OF SCIENCE AND TECHNOLOGY- CARAGA', '18941', '2017-05-24', '2018-06-22', 31, '2018-06-22 06:46:18', '2018-06-22 06:46:18'),
(20, 'LABOR COMMUNICATIONS OFFICER', 'OVERSEAS WORKERS WELFARE ADMINISTRATION CARAGA', '16296', '2018-04-01', '2018-06-22', 32, '2018-06-22 06:52:01', '2018-06-22 06:52:01'),
(21, 'RESEARCH PROJECT STAFF', 'ULMAQ PROJECT, AIR QUALITY DYNAMICS', NULL, '2016-01-22', '2017-07-22', 33, '2018-06-22 06:55:45', '2018-06-22 06:55:45'),
(22, 'EXECUTIVE ASSISTANT', 'CARAGA REGION INSTITUTE OF PEACE, INC.', NULL, '2013-09-13', '2018-06-22', 34, '2018-06-22 06:59:24', '2018-06-22 06:59:24'),
(23, 'SCIENCE RESEARCH SPECIALIST 1', 'DEPARTMENT OF SCIENCE AND TECHNOLOGY', '29', '2015-04-08', '2018-06-22', 38, '2018-06-22 07:09:27', '2018-06-22 07:09:27'),
(24, 'COMPUTER PROGRAMMER 1', 'DEPARTMENT OF HEALTH-REGIONAL OFFICE XIII', '20176', '2017-08-01', '2018-06-22', 40, '2018-06-22 07:16:46', '2018-06-22 07:16:46'),
(25, 'PROJECT ASSISTANCE', 'PSTC-AGUSAN DEL NORTE', NULL, '2017-05-22', '2018-06-22', 41, '2018-06-22 07:23:14', '2018-06-22 07:23:14'),
(26, 'PROJECT ASSISTANCE III', 'DOST-CARAGA/ TECHNICAL SUPPORT SERVICES DIVISION', '25664', '2016-07-02', '2018-06-22', 42, '2018-06-22 07:35:28', '2018-06-22 07:35:28'),
(27, 'RESEARCH ASSISTANT', 'INSTITUTE OF HUMAN NUTRITION AND FOOD- UNIVERSITY OF THE PHILIPPINES LOS BANOS', '20000', '2018-03-18', '2018-05-18', 43, '2018-06-22 07:42:01', '2018-06-22 07:42:01'),
(28, 'SUPERVISORY TRAINEE', 'DEL MONTE PHILIPPINES, INC', '20000', '2015-03-12', '2016-01-05', 44, '2018-06-22 07:49:41', '2018-06-22 07:49:41'),
(29, 'SCIENCE RESEARCH SPECIALIST 1', 'DEPARTMENT OF SCIENCE AND TECHNOLOGY XI', '27908', '2017-04-25', '2018-06-22', 45, '2018-06-22 07:55:21', '2018-06-22 07:55:21'),
(31, 'COMMUNITY EMPOWERMENT FACILITATOR', 'DSWD CARAGA REGIONAL FIELD OFFICE', '31000', '2017-07-01', '2018-06-22', 47, '2018-06-22 08:00:36', '2018-06-22 08:00:36'),
(32, 'CURRICULUM SUPPORT OFFICER', 'TECHNOKIDS PHILIPPINES (DAVAO BRANCH)', '16000', '2017-05-22', '2017-08-16', 48, '2018-06-22 08:11:51', '2018-06-22 08:11:51'),
(33, 'REGULATORY AFFAIRS OFFICER', 'GREPCOR DIAMONDE INC', '17000', '2018-02-12', '2018-06-22', 49, '2018-06-22 08:17:34', '2018-06-22 08:17:34'),
(34, 'SUPPLY PLANNING ANALYST', '3M PHILIPPINES INC', '48000', '2013-02-16', '2017-08-31', 50, '2018-06-22 08:23:06', '2018-06-22 08:23:06'),
(35, 'PROJECT STAFF METROLOGY LABORATORY', 'DOST CARAGA REGIONAL STANDARDS AND TESTING LABORATORY', NULL, '2014-06-09', '2015-12-31', 51, '2018-06-22 08:32:03', '2018-06-22 08:32:03'),
(36, 'PROJECT DEVELOPMENT OFFICER II', 'DEPARTMENT OF SOCIAL WELFARE AND DEVELOPMENT, FIELD OFFICE CARAGA', '29359', '2014-12-16', '2018-06-22', 52, '2018-06-22 08:41:52', '2018-06-22 08:41:52'),
(37, 'PROJECT ENGINEER', 'JBMG BUILDERS CORPORATE INC.', NULL, '2015-08-10', '2018-06-22', 53, '2018-06-22 08:50:08', '2018-06-22 08:50:08'),
(38, 'OFFICE STAFF', 'ORANGE PEEL GENERAL SERVICES', '9620', '2016-03-14', '2017-05-31', 54, '2018-06-22 08:56:04', '2018-06-22 08:56:04'),
(39, 'CLERK', 'CITY GENERAL SERVICES OFFICE', '6200', '2017-02-02', '2018-05-31', 55, '2018-06-22 09:02:21', '2018-06-22 09:02:21'),
(40, 'BRANCH MANAGER', 'RD PAWNSHOP, INC. - CANTILAN', '0', '2015-12-01', '2017-09-27', 56, '2018-06-22 09:27:13', '2018-06-22 09:27:13'),
(41, 'INTERNSHIP', 'GREENSTONE RESOURCES CORPORATION', NULL, NULL, NULL, 58, '2018-07-20 07:21:10', '2018-07-20 07:21:10'),
(42, 'ASSISTANT RESEARCHER', 'DENR-YAKAP KALIKASAN', NULL, '2017-11-19', '2017-11-30', 61, '2018-07-25 06:59:54', '2018-07-25 06:59:54'),
(43, 'TUTOR AND EDUCATIONAL ASSISTANT', 'GREATER HEIGHTS EDUCATIONAL SOLUTIONS', NULL, '2013-10-25', '2014-04-25', 62, '2018-07-25 07:12:40', '2018-07-25 07:12:40'),
(44, 'FREELANCE TUTOR', 'MSU-IIT', NULL, NULL, NULL, 63, '2018-07-25 07:18:58', '2018-07-25 07:18:58'),
(45, 'PRODUCTION CHEMIST & CHEMICAL ANALYST', 'PROMETHIUM MARKETING COMPANY', NULL, '2016-10-01', '2016-10-01', 64, '2018-07-25 07:24:54', '2018-07-25 07:24:54'),
(46, 'GOVERNMENT INTERN AT DOST', 'DEPARTMENT OF LABOR AND EMPLOYMENT (DOLE)', NULL, NULL, NULL, 66, '2018-07-25 07:48:38', '2018-07-25 07:48:38'),
(47, 'PROJECT DEVELOPMENT OFFICER II', 'DEPARTMENT OF SOCIAL WELFARE AND DEVELOPMENT', '15', '2016-06-06', '2016-12-31', 67, '2018-07-25 08:42:04', '2018-07-25 08:42:04'),
(48, 'QUALITY ASSURANCE ANALYST', 'REBISCO', NULL, '2011-08-25', '2016-03-25', 68, '2018-07-25 08:52:42', '2018-07-25 08:52:42'),
(49, 'ENVIRONMENTAL OFFICER', 'NICKELBASE INCORPORATED', NULL, '2017-03-01', '2017-11-01', 71, '2018-07-26 03:44:25', '2018-07-26 03:44:25'),
(50, 'LABORATORY AIDE', 'SURIGAO DEL SUR STATE UNIVERSITY', NULL, '2016-11-02', NULL, 72, '2018-07-27 08:28:01', '2018-07-27 08:28:01'),
(51, 'MICROBIOLOGY-ANALYST', 'CELEBES COCONUT CORPORATION', NULL, '2015-04-11', NULL, 73, '2018-08-13 07:08:56', '2018-08-13 07:08:56'),
(52, 'OJT', 'PENRO-DENR -DINAGAT', NULL, NULL, NULL, 74, '2018-08-13 07:22:15', '2018-08-13 07:22:15'),
(53, 'PROJECT STAFF', 'DEPARTMENT OF SCIENCE AND TECHNOLOGY', NULL, '2016-06-13', '2017-06-13', 75, '2018-08-13 07:28:30', '2018-08-13 07:28:30'),
(54, 'CUSTOMER SERVICE REPRESENTATIVE', 'TELEPERFORMANCE- DAVAO', NULL, NULL, NULL, 76, '2018-08-13 07:35:27', '2018-08-13 07:35:27'),
(55, 'FG INVENTORY ANALYST', 'PILMICO FOODS CORP', NULL, '2016-01-13', NULL, 77, '2018-08-13 07:42:34', '2018-08-13 07:42:34'),
(56, 'SECONDARY TEACHER/ INVESTIGATORY PROJECT ADVISER', 'PROPHET\'S PEN ACADEMY', NULL, '2014-10-13', NULL, 78, '2018-08-13 07:55:19', '2018-08-13 07:55:19'),
(57, 'OJT', 'ASIA BREWERY INCORPORATED', NULL, NULL, NULL, 79, '2018-08-13 08:01:29', '2018-08-13 08:01:29'),
(58, 'VOLUNTEER MEDTECH - EXPERT IN URINALYSIS & FECALYSIS', 'LORETO DISTRICT HOSPITAL', NULL, '2017-07-13', '2017-08-13', 81, '2018-08-13 08:13:35', '2018-08-13 08:13:35'),
(59, 'TSR FOR TELSTRA BIGPOND', 'TELEPERFORMANCE INC.', NULL, '2014-11-13', '2016-08-13', 82, '2018-08-13 08:19:50', '2018-08-13 08:19:50'),
(60, 'ENUMERATOR', 'ECOTOURISM RESOURCES - SOHOTON, SURIGAO DEL NORTE', NULL, '2017-12-01', NULL, 84, '2018-08-13 08:32:30', '2018-08-13 08:32:30'),
(61, 'BUSINESS DEVELOPMENT SPECIALIST', 'LIVE THE LIFE VENTURES LTD.', NULL, '2018-04-13', NULL, 85, '2018-08-13 08:38:16', '2018-08-13 08:38:16'),
(62, 'CHIEF RADIOLOGIC TECHNOLOGIST', 'DUAY HOSPITAL, CABADBARAN CITY', NULL, '2013-07-13', NULL, 89, '2018-08-13 09:03:47', '2018-08-13 09:03:47'),
(63, 'PLANNING STAFF', 'DEPARTMENT OF SCIENCE AND TECHNOLOGY-CARAGA', NULL, NULL, NULL, 91, '2018-08-14 01:05:34', '2018-08-14 01:05:34'),
(64, 'PLANNING STAFF', 'DEPARTMENT OF SCIENCE AND TECHNOLOGY-CARAGA', NULL, NULL, NULL, 92, '2018-08-14 01:05:37', '2018-08-14 01:05:37'),
(65, 'PLANNING STAFF', 'DEPARTMENT OF SCIENCE AND TECHNOLOGY-CARAGA', NULL, NULL, NULL, 93, '2018-08-14 01:05:39', '2018-08-14 01:05:39'),
(66, 'LIAISON OFFICER', 'MERK TRADING', NULL, NULL, NULL, 96, '2018-08-14 02:14:06', '2018-08-14 02:14:06'),
(67, 'LIAISON OFFICER', 'MERK TRADING', NULL, NULL, NULL, 97, '2018-08-14 02:14:12', '2018-08-14 02:14:12'),
(68, 'LIAISON OFFICER', 'MERK TRADING', NULL, NULL, NULL, 98, '2018-08-14 02:14:19', '2018-08-14 02:14:19'),
(69, 'LIAISON OFFICER', 'MERK TRADING', NULL, NULL, NULL, 99, '2018-08-14 02:14:24', '2018-08-14 02:14:24'),
(70, 'SALES AND SERVICE OFFICER', 'PHILIPPINE NATIONAL BANK', NULL, '2010-04-10', NULL, 100, '2018-08-14 02:26:37', '2018-08-14 02:26:37'),
(71, 'ACTING BRANCH MANAGER', 'RURAL BANK OF PLACER, INC.', NULL, '2017-01-03', '2018-03-15', 101, '2018-08-14 02:39:13', '2018-08-14 02:39:13'),
(72, 'ADMINISTRATIVE AIDE III', 'LGU-VALENCIA CITY', NULL, '2017-04-04', '2018-05-15', 103, '2018-08-14 03:03:34', '2018-08-14 03:03:34'),
(73, 'HR/ ACCOUNT COORDINATOR', 'MRMJ-ADAN MANPOWER AND GENERAL SERVICES INC.', NULL, '2018-06-01', NULL, 104, '2018-08-14 03:23:26', '2018-08-14 03:23:26'),
(74, 'MARKETING EXECUTIVE', 'XPAC TECHNOLOGIES PTE, LTD.', NULL, '2016-09-14', NULL, 105, '2018-08-14 05:21:15', '2018-08-14 05:21:15'),
(75, 'PROJECT DEVELOPMENT OFFICER II', 'DSWD', NULL, '2017-07-01', '2017-12-31', 106, '2018-08-15 08:39:31', '2018-08-15 08:39:31'),
(76, 'Plant Supervisor', 'San Miguel Corp', NULL, '2019-07-04', '2019-07-12', 110, '2019-07-02 00:27:10', '2019-07-02 00:27:10'),
(79, 'Information Technology Officer', 'DSWD', NULL, '2019-07-04', '2019-07-04', 113, '2019-07-04 01:49:06', '2019-07-04 01:49:06');

-- --------------------------------------------------------

--
-- Table structure for table `applicant_lineups`
--

CREATE TABLE `applicant_lineups` (
  `id` int(10) UNSIGNED NOT NULL,
  `position_id` int(10) UNSIGNED DEFAULT NULL,
  `date_interview` date DEFAULT NULL,
  `status` int(11) NOT NULL DEFAULT '1',
  `remarks` text COLLATE utf8mb4_unicode_ci,
  `created_at` timestamp NULL DEFAULT NULL,
  `updated_at` timestamp NULL DEFAULT NULL
) ENGINE=InnoDB DEFAULT CHARSET=utf8mb4 COLLATE=utf8mb4_unicode_ci;

--
-- Dumping data for table `applicant_lineups`
--

INSERT INTO `applicant_lineups` (`id`, `position_id`, `date_interview`, `status`, `remarks`, `created_at`, `updated_at`) VALUES
(1, 2, '2018-10-24', 1, NULL, '2018-10-24 03:04:49', '2018-10-24 03:04:49'),
(2, 2, '2019-06-14', 1, NULL, '2019-06-14 01:55:27', '2019-06-14 01:55:27');

-- --------------------------------------------------------

--
-- Table structure for table `applicant_lineup_groups`
--

CREATE TABLE `applicant_lineup_groups` (
  `id` int(10) UNSIGNED NOT NULL,
  `lineup_id` int(10) UNSIGNED DEFAULT NULL,
  `applicant_id` int(10) UNSIGNED NOT NULL,
  `remarks` text COLLATE utf8mb4_unicode_ci,
  `created_at` timestamp NULL DEFAULT NULL,
  `updated_at` timestamp NULL DEFAULT NULL
) ENGINE=InnoDB DEFAULT CHARSET=utf8mb4 COLLATE=utf8mb4_unicode_ci;

--
-- Dumping data for table `applicant_lineup_groups`
--

INSERT INTO `applicant_lineup_groups` (`id`, `lineup_id`, `applicant_id`, `remarks`, `created_at`, `updated_at`) VALUES
(1, 1, 74, NULL, '2018-10-24 03:04:49', '2018-10-24 03:04:49'),
(2, 1, 71, NULL, '2018-10-24 03:04:49', '2018-10-24 03:04:49'),
(3, 1, 3, NULL, '2018-10-24 03:04:49', '2018-10-24 03:04:49'),
(4, 2, 74, NULL, '2019-06-14 01:55:27', '2019-06-14 01:55:27'),
(5, 2, 71, NULL, '2019-06-14 01:55:27', '2019-06-14 01:55:27'),
(6, 2, 3, NULL, '2019-06-14 01:55:27', '2019-06-14 01:55:27'),
(7, 2, 4, NULL, '2019-06-14 01:55:27', '2019-06-14 01:55:27');

-- --------------------------------------------------------

--
-- Table structure for table `applicant_trainings`
--

CREATE TABLE `applicant_trainings` (
  `id` int(10) UNSIGNED NOT NULL,
  `title` varchar(191) COLLATE utf8mb4_unicode_ci NOT NULL,
  `conducted_by` varchar(191) COLLATE utf8mb4_unicode_ci DEFAULT NULL,
  `hours` int(11) DEFAULT NULL,
  `from_date` date DEFAULT NULL,
  `to_date` date DEFAULT NULL,
  `applicant_id` int(10) UNSIGNED DEFAULT NULL,
  `created_at` timestamp NULL DEFAULT NULL,
  `updated_at` timestamp NULL DEFAULT NULL
) ENGINE=InnoDB DEFAULT CHARSET=utf8mb4 COLLATE=utf8mb4_unicode_ci;

--
-- Dumping data for table `applicant_trainings`
--

INSERT INTO `applicant_trainings` (`id`, `title`, `conducted_by`, `hours`, `from_date`, `to_date`, `applicant_id`, `created_at`, `updated_at`) VALUES
(1, 'TECHNICAL SESSION WORKSHOP ON PREPARATION OF PLAN DESIGN AND POW FOR LGU LED IMPLEMENTATION (CCL)', 'DSWD CARAGA OFFICE', 40, '2017-06-12', '2017-06-16', 4, '2018-06-22 02:22:19', '2018-06-22 02:22:19'),
(2, 'Workshop on Financial Management System for Operation an Maintenance Group with Income generating Projects', 'Department of Social Welfare and Development', 16, '2018-02-27', '2018-02-28', 5, '2018-06-22 02:36:47', '2018-06-22 02:36:47'),
(3, 'SMALL BUSINESS COUNSELLOR\'S COURSE 101: DIAGNOSING AN ENTERPRISE', 'DEPARTMENT OF TRADE AND INDUSTRY - REGION 10', 40, '2017-09-11', '2017-09-15', 7, '2018-06-22 03:09:59', '2018-06-22 03:09:59'),
(4, 'SEMINAR-WORKSHOP ON BASIC HEALTH RESEARCH ETHICS', 'DEPARTMENT OF SCIENCE AND TECHNOLOGY-CARAGA, AND PHILIPPINE HEALTH RESEARCH ETHICS BOARD', 16, '2018-05-03', '2018-05-04', 8, '2018-06-22 04:13:32', '2018-06-22 04:13:32'),
(5, 'THE ADVANCEMENT OF SCIENCE RESEARCH AND ITS TECHNOLOGIES', 'COLLEGE OF NATURAL SCIENCE AND MATHEMATICS- MINDANAO STATE UNIVERSITY', 5, '2017-02-16', '2017-02-16', 10, '2018-06-22 04:30:17', '2018-06-22 04:30:17'),
(6, 'NATIONAL YOUTH FORUM ON HEALTH', 'UNILAB FOUNDATION', NULL, '2017-08-12', '2017-08-12', 11, '2018-06-22 04:38:36', '2018-06-22 04:38:36'),
(9, 'WORKSHOP FOR THE UPDATING AND FINALIZATION OF 10 YEAR ECOLOGICAL SOLID WASTE MANAGEMENT PLAN', 'EMB XIII', 24, '2018-05-16', '2018-05-18', 16, '2018-06-22 04:57:47', '2018-06-22 04:57:47'),
(10, 'PRACTICE TEACHING', 'BUNAWAN AGUSAN DEL SUR', NULL, '2018-01-22', '2018-03-22', 17, '2018-06-22 05:08:16', '2018-06-22 05:08:16'),
(11, 'PRACTICE TEACHING', 'TRADE', NULL, '2018-01-22', '2018-03-22', 18, '2018-06-22 05:12:37', '2018-06-22 05:12:37'),
(12, 'OCCUPATIONAL HEALTH FIRST AID & CPR', NULL, NULL, '2018-06-22', '2018-06-22', 23, '2018-06-22 05:33:00', '2018-06-22 05:33:00'),
(13, 'OPERATION AND MAINTENANCE TRAINING FOR INCOME GENERATING PROJECT', 'Department of Social Welfare and Development', 16, '2018-03-06', '2018-03-07', 25, '2018-06-22 06:00:23', '2018-06-22 06:00:23'),
(14, 'ANTI-MONEY LAUNDERING/COUNTERING THE FINANCING OF TERRORISM WORKSHOP', 'ANTI-MONEY LAUNDERING COUNCIL', 8, '2017-11-17', '2017-11-17', 26, '2018-06-22 06:06:51', '2018-06-22 06:06:51'),
(15, 'CAPABILITY ENHANCEMENT ON BASIC INFORMATION TECHNOLOGY', 'CSC - CARAGA REGIONAL OFFICE', 16, '2015-07-14', '2015-07-15', 27, '2018-06-22 06:18:49', '2018-06-22 06:18:49'),
(16, 'TECHNIQUES IN ROOT CAUSE ANALYSIS AND APPLICATION OF CORRECTIVE AND PREVENTIVE ACTION', 'SGS PHILIPPINES, INC.', NULL, '2015-11-22', '2015-11-22', 30, '2018-06-22 06:33:40', '2018-06-22 06:33:40'),
(17, 'TRAINING ON PROPER AND SAFETY USAGE OF FOOD ADDITIVES', 'DOST- FOOD AND NUTRITION RESEARCH INSTITUTE', 8, '2018-05-23', '2018-05-23', 31, '2018-06-22 06:46:18', '2018-06-22 06:46:18'),
(18, '21ST CENTURY SERVICE TRAINING WORKSHOP', 'OWWA HOME OFFICE/JCP SEMINAR AND TRAINING CONSULTANCY', 16, '2017-12-18', '2017-12-19', 32, '2018-06-22 06:52:01', '2018-06-22 06:52:01'),
(19, 'NATIONAL SEMINAR ON STUDENT SAFETY AND FIELD TRIP MANAGEMENT IN HIGHER EDUCATION', 'CENTER FOR CERTIFICATION AND ACCREDITATION OF STUDENT SERVICES IN THE PHILIPPINES, INC. (CCASSPI)', 24, '2017-05-29', '2017-05-31', 34, '2018-06-22 06:59:24', '2018-06-22 06:59:24'),
(23, 'TRAINING/WORKSHOP ON IMPLEMENTATION OF ONLINE PERMITTING AND MONITORING SYSTEM OF DENR', 'EMB', 8, '2018-02-22', '2018-02-22', 38, '2018-06-22 07:09:27', '2018-06-22 07:09:27'),
(24, 'WORKSHOP ON DOCUMENTATION FOR COMMUNITY DOCUMENTERS', 'FORUM CIVIL PEACE SERVICE', 16, '2017-10-09', '2017-10-10', 39, '2018-06-22 07:12:04', '2018-06-22 07:12:04'),
(25, 'BASIC LIFE SUPPORT TRAINING', 'DEPARTMENT OF HEALTH-REGIONAL OFFICE XIII', 24, '2018-06-05', '2018-06-07', 40, '2018-06-22 07:16:46', '2018-06-22 07:16:46'),
(26, 'INVESTMENT SCANNING WORKSHOP', 'NEDA-CARAGA', 24, '2018-04-18', '2018-04-20', 41, '2018-06-22 07:23:14', '2018-06-22 07:23:14'),
(27, 'SEMINAR ON PROJECT MANAGEMENT LEVEL 2: PROJECT IMPLEMENTATION AND MONITORING', 'DOST-CARAGA/ SUMMIT SONSULTANCY', 16, '2018-03-05', '2018-03-06', 42, '2018-06-22 07:35:28', '2018-06-22 07:35:28'),
(28, 'COMMUNITY NUTRITION PRACTICUM', 'LGU-LILIW, LAGUNA', 250, '2017-04-17', '2017-05-17', 43, '2018-06-22 07:42:01', '2018-06-22 07:42:01'),
(29, 'HANS-ON TRAINING ON MODERN RICE BREEDING TECHNIQUES', 'INTERNATIONAL RICE RESEARCH INSTITUTE', 120, '2013-06-05', '2013-05-25', 44, '2018-06-22 07:49:41', '2018-06-22 07:49:41'),
(30, 'DIMENSIONAL METROLOGY 1 - BASIC MEASUREMENT', 'DOST - MIRDC', 24, '2017-09-27', '2017-09-29', 45, '2018-06-22 07:55:20', '2018-06-22 07:55:20'),
(32, 'GOOD LABORATORY PRACTICES', 'CELEBES COCONUT CORPORATION', 8, '2011-10-20', '2011-10-20', 47, '2018-06-22 08:00:36', '2018-06-22 08:00:36'),
(33, 'ON-THE JOB TRAINING', 'ZENERGY CABLE TV', 167, '2015-04-06', '2015-05-29', 48, '2018-06-22 08:11:51', '2018-06-22 08:11:51'),
(34, 'LEAN SIX SIGMA GREEN BELT TRAINING', '3M PHILIPPINES INC.', 24, '2015-05-13', '2015-05-15', 50, '2018-06-22 08:23:06', '2018-06-22 08:23:06'),
(35, 'FUNDAMENTALS OF MEASUREMENT', 'DOST - INDUSTRIAL TECHNOLOGY DEVELOPMENT INSTITUTE', NULL, '2018-05-21', '2018-05-25', 51, '2018-06-22 08:32:03', '2018-06-22 08:32:03'),
(36, '2017 SFFI NATIONAL CONFERENCE', 'SOCIETY OF FILIPINO FORESTERS, INC.', 24, '2017-10-19', '2017-10-21', 52, '2018-06-22 08:41:52', '2018-06-22 08:41:52'),
(37, 'CONSTRUCTION OCCUPATIONAL SAFETY AND HEALTH', 'QSAFEINDUSTRIAL SAFETY ENT.', NULL, '2018-05-24', '2018-05-27', 53, '2018-06-22 08:50:08', '2018-06-22 08:50:08'),
(38, 'MID-YEAR ASSESSMENT AND SEMINAR', 'LGU-BUTUAN', 16, '2017-08-25', '2017-08-26', 55, '2018-06-22 09:02:21', '2018-06-22 09:02:21'),
(39, 'QUALITY CUSTOMER SERVICE SEMINAR', 'RD PAWNSHOP, INC.', 8, '2016-10-09', '2018-06-22', 56, '2018-06-22 09:27:13', '2018-06-22 09:27:13'),
(40, '1. VOLCANOES AND EFFECTS TO THE ENVIRONMENT', 'USEP OBRERO CAMPUS', 16, '2017-03-10', '2017-03-12', 58, '2018-07-20 07:21:10', '2018-07-20 07:21:10'),
(41, 'NONE', NULL, NULL, NULL, NULL, 59, '2018-07-23 02:12:12', '2018-07-23 02:12:12'),
(42, 'VOLCANOES  AND EFFECTS TO THE  ENVIRONMENT', NULL, NULL, NULL, NULL, 60, '2018-07-25 06:50:57', '2018-07-25 06:50:57'),
(43, 'SEMINAR WORKSHOP ON BASIC FORESTRY BUSINESS PROCEDURES', 'CARAGA STATE UNIVERSITY', 8, '2016-09-30', '2016-09-30', 61, '2018-07-25 06:59:54', '2018-07-25 06:59:54'),
(44, 'MATRIX BANDING  FUTURE GEOSCIENTISTS THROUGH DIVERSE EDUCATIONAL AND PRACTICES', 'ASSOCIATION OG GEOLOGY STUDENT', 8, '2015-03-06', NULL, 65, '2018-07-25 07:33:30', '2018-07-25 07:33:30'),
(45, 'FOOD SAFETY SEMINAR', NULL, NULL, NULL, NULL, 66, '2018-07-25 07:48:38', '2018-07-25 07:48:38'),
(46, 'COMMUNITY BASED PROCUREMENT PROCESS AND FINANCIAL MANAGEMENT TRAINING', 'DSWD', 24, '2016-11-07', '2016-11-09', 67, '2018-07-25 08:42:04', '2018-07-25 08:42:04'),
(47, 'SENSORY EVALUATION SEMINAR', 'REBISCO', 8, '2013-12-17', NULL, 68, '2018-07-25 08:52:42', '2018-07-25 08:52:42'),
(48, 'SEMINAR ON FORESTEING MINING PRACTICES THROUGH INNOVATIVE BIOLOGICAL EDUCATION AND RESEARCH FOR BETTER ENVIRONMENT', 'MSU-IIT', 8, '2014-07-22', NULL, 70, '2018-07-26 03:24:36', '2018-07-26 03:24:36'),
(49, 'SEMINAR ON SOIL AND WATER CONSERVATION', 'CARAGA STATE UNIVERSITY', 8, '2010-03-19', NULL, 71, '2018-07-26 03:44:25', '2018-07-26 03:44:25'),
(50, 'SEMINAR WORKSHOP  ON QUALITY MANAGEMENT SYSTEM  LEADING TO ISO 9001:2015', 'SURIGAO DEL SUR STATE UNIVERSITY- LIANGA CAMPUS', 16, '2018-02-08', '2018-02-09', 72, '2018-07-27 08:28:01', '2018-07-27 08:28:01'),
(51, 'FOOD SAFETY CULTURE AND MANAGEMENT', 'CELEBES COCONUT CORP.', 8, '2017-10-29', NULL, 73, '2018-08-13 07:08:56', '2018-08-13 07:08:56'),
(52, 'PLS. SEE ATTACHED PDS', NULL, NULL, NULL, NULL, 75, '2018-08-13 07:28:30', '2018-08-13 07:28:30'),
(53, 'SEMINAR ON MAINSTREAMING SUSTAINABLE ENERGY', NULL, 16, NULL, NULL, 76, '2018-08-13 07:35:27', '2018-08-13 07:35:27'),
(54, 'NONE', NULL, NULL, NULL, NULL, 77, '2018-08-13 07:42:34', '2018-08-13 07:42:34'),
(55, 'NONE', NULL, NULL, NULL, NULL, 78, '2018-08-13 07:55:19', '2018-08-13 07:55:19'),
(56, 'NONE', NULL, NULL, NULL, NULL, 79, '2018-08-13 08:01:29', '2018-08-13 08:01:29'),
(57, 'NONE', NULL, NULL, NULL, NULL, 80, '2018-08-13 08:06:03', '2018-08-13 08:06:03'),
(58, 'DISASTER RISK MANAGEMENT SEMINAR WORKSHOP', 'CARAGA STATE UNIVERSITY', NULL, '2017-05-08', NULL, 83, '2018-08-13 08:27:11', '2018-08-13 08:27:11'),
(59, 'SEMINAR WORKSHOP ON STATISTICAL ANALYSIS USING STATISTICAL PACKAGE FOR SOCIAL SCIENCES', 'CARAGA STATE UNIVERSITY', 8, '2017-10-25', NULL, 84, '2018-08-13 08:32:30', '2018-08-13 08:32:30'),
(60, 'CRASH COURSE ON SYSTEMATICS, EVOLUTION AND PHYLOGENETICS', 'CENTRAL MINDANAO UNIVERSITY', 24, '2017-06-01', '2017-06-03', 86, '2018-08-13 08:49:24', '2018-08-13 08:49:24'),
(61, 'CRASH COURSE ON SYSTEMATICS, EVOLUTION AND PHYLOGENETICS', 'CENTRAL MINDANAO UNIVERSITY', 24, '2017-06-01', '2017-06-03', 87, '2018-08-13 08:49:41', '2018-08-13 08:49:41'),
(62, 'PLS. SEE ATTACHED PDS', NULL, NULL, NULL, NULL, 91, '2018-08-14 01:05:34', '2018-08-14 01:05:34'),
(63, 'PLS. SEE ATTACHED PDS', NULL, NULL, NULL, NULL, 92, '2018-08-14 01:05:37', '2018-08-14 01:05:37'),
(64, 'PLS. SEE ATTACHED PDS', NULL, NULL, NULL, NULL, 93, '2018-08-14 01:05:39', '2018-08-14 01:05:39'),
(65, 'MATRIX BANDING  FUTURE GEOSCIENTISTS THROUGH DIVERSE EDUCATIONAL AND PRACTICES', 'USEP OBRERO CAMPUS', NULL, '2015-03-05', NULL, 94, '2018-08-14 01:47:20', '2018-08-14 01:47:20'),
(66, 'MATRIX BANDING  FUTURE GEOSCIENTISTS THROUGH DIVERSE EDUCATIONAL AND PRACTICES', NULL, NULL, NULL, NULL, 95, '2018-08-14 01:55:00', '2018-08-14 01:55:00'),
(67, 'FAST TRACK TRAINING PROGRAM', 'PHILIPPINE NATIONAL BANK', NULL, '2014-09-22', '2018-12-12', 100, '2018-08-14 02:26:37', '2018-08-14 02:26:37'),
(68, 'ANTI-MONEY LAUNDERING /COUNTERING THE FINANCING OF TERRORISM (AML/CFT) TRAINING WORKSHOP', NULL, 8, '2017-10-28', '2017-10-28', 101, '2018-08-14 02:39:13', '2018-08-14 02:39:13'),
(69, 'NONE', NULL, NULL, NULL, NULL, 102, '2018-08-14 02:56:42', '2018-08-14 02:56:42'),
(70, 'PROJECT PLAN MANAGEMENT', NULL, NULL, '2017-01-14', NULL, 104, '2018-08-14 03:23:26', '2018-08-14 03:23:26'),
(71, 'WSQ PERFORM POINT OF SALE OPERATION', 'SINGAPORE WORKFORCE DEVELOPMENT AUTHORITY/ WING TAI RETAIL MANAGEMENT PTE LTD.', 8, '2013-04-23', NULL, 105, '2018-08-14 05:21:15', '2018-08-14 05:21:15'),
(72, 'TRAINING ON FINANCIAL MANAGEMENT', 'DSWD', 48, '2017-07-20', '2017-07-21', 106, '2018-08-15 08:39:31', '2018-08-15 08:39:31'),
(73, 'Heat Treatment', 'MIRDC', 24, '2019-07-02', '2019-07-04', 110, '2019-07-02 00:27:10', '2019-07-02 00:27:10'),
(76, 'asd', 'asd', 12, '2019-07-04', '2019-07-04', 113, '2019-07-04 01:49:06', '2019-07-04 01:49:06');

-- --------------------------------------------------------

--
-- Table structure for table `ipcrs`
--

CREATE TABLE `ipcrs` (
  `id` int(10) UNSIGNED NOT NULL,
  `title` varchar(191) COLLATE utf8mb4_unicode_ci NOT NULL,
  `year` char(4) COLLATE utf8mb4_unicode_ci DEFAULT NULL,
  `month_from` int(11) DEFAULT NULL,
  `month_to` int(11) DEFAULT NULL,
  `user_id` int(10) UNSIGNED NOT NULL,
  `office_id` int(10) UNSIGNED NOT NULL,
  `created_at` timestamp NULL DEFAULT NULL,
  `updated_at` timestamp NULL DEFAULT NULL,
  `deleted_at` timestamp NULL DEFAULT NULL
) ENGINE=InnoDB DEFAULT CHARSET=utf8mb4 COLLATE=utf8mb4_unicode_ci;

-- --------------------------------------------------------

--
-- Table structure for table `ipcrs_monthly_target`
--

CREATE TABLE `ipcrs_monthly_target` (
  `id` int(10) UNSIGNED NOT NULL,
  `obj_id` int(10) UNSIGNED NOT NULL,
  `month_id` int(10) UNSIGNED DEFAULT NULL,
  `target` decimal(8,2) NOT NULL DEFAULT '0.00',
  `value` decimal(8,2) NOT NULL DEFAULT '0.00',
  `created_at` timestamp NULL DEFAULT NULL,
  `updated_at` timestamp NULL DEFAULT NULL
) ENGINE=InnoDB DEFAULT CHARSET=utf8mb4 COLLATE=utf8mb4_unicode_ci;

-- --------------------------------------------------------

--
-- Table structure for table `ipcrs_objective`
--

CREATE TABLE `ipcrs_objective` (
  `id` int(10) UNSIGNED NOT NULL,
  `ipcr_id` int(10) UNSIGNED NOT NULL,
  `is_title` tinyint(1) NOT NULL DEFAULT '0',
  `objective` text COLLATE utf8mb4_unicode_ci NOT NULL,
  `key_summary` text COLLATE utf8mb4_unicode_ci,
  `target` decimal(8,2) DEFAULT '0.00',
  `parent` int(11) DEFAULT NULL,
  `created_at` timestamp NULL DEFAULT NULL,
  `updated_at` timestamp NULL DEFAULT NULL,
  `deleted_at` timestamp NULL DEFAULT NULL
) ENGINE=InnoDB DEFAULT CHARSET=utf8mb4 COLLATE=utf8mb4_unicode_ci;

-- --------------------------------------------------------

--
-- Table structure for table `migrations`
--

CREATE TABLE `migrations` (
  `id` int(10) UNSIGNED NOT NULL,
  `migration` varchar(191) COLLATE utf8mb4_unicode_ci NOT NULL,
  `batch` int(11) NOT NULL
) ENGINE=InnoDB DEFAULT CHARSET=utf8mb4 COLLATE=utf8mb4_unicode_ci;

--
-- Dumping data for table `migrations`
--

INSERT INTO `migrations` (`id`, `migration`, `batch`) VALUES
(1, '2014_10_12_000000_create_users_table', 1),
(2, '2014_10_12_100000_create_password_resets_table', 1),
(3, '2018_01_18_004605_create_offices_table', 1),
(4, '2018_01_19_090212_create_applicants_table', 1),
(5, '2018_01_19_090232_create_applicants_educations_table', 1),
(6, '2018_01_19_090246_create_applicants_attachments_table', 1),
(7, '2018_01_21_123604_create_applicant_eligibilities_table', 1),
(8, '2018_01_21_124408_create_applicant_experiences_table', 1),
(9, '2018_01_21_124420_create_applicant_trainings_table', 1),
(10, '2018_01_26_133430_create_position_hirings_table', 1),
(11, '2018_01_29_150329_alter_table_position_hirings', 1),
(12, '2018_01_30_162335_alter_table_applicant_educations', 1),
(13, '2018_01_31_100828_create_applicant_lineups_table', 1),
(14, '2018_01_31_100847_create_applicant_lineup_groups_table', 1),
(15, '2018_02_01_100124_create_permission_tables', 1),
(16, '2018_02_04_225340_create_psboard_members_table', 2),
(17, '2018_02_04_230447_alter_psboard_members_table', 2),
(18, '2018_02_05_155144_create_psb_ratings_table', 3),
(19, '2018_02_09_111303_alter_table_applicants', 4),
(20, '2018_02_09_111613_create_table_coding', 4),
(21, '2018_02_09_135535_alter_table_psb_ratings', 4),
(22, '2018_02_19_172738_create_ipcrs_table', 5),
(23, '2018_02_20_101642_create_ipcrs_objective_table', 5),
(24, '2018_02_20_130208_create_month_table', 5),
(25, '2018_02_20_130420_create_ipcrs_monthly_target_table', 5),
(26, '2018_02_20_140047_alter_table_month', 5),
(27, '2018_02_20_144214_alter_table_ipcr', 5),
(28, '2018_02_20_164306_alter_table_ipcr_unique', 5),
(29, '2018_02_23_092405_alter_table_ipcrs_objective', 6),
(30, '2018_02_27_135011_create_morale_survey_questions_table', 6),
(31, '2018_02_27_153934_create_morale_surveys_rating', 6),
(32, '2018_02_27_170325_create_morale_semestral_surveys_table', 6),
(33, '2018_02_27_170746_alter_morale_survey_ratings', 6),
(34, '2018_02_27_174940_alter_morale_survey_semestrals_table', 6),
(35, '2018_03_01_091046_alter_morale_survey_ratings_table', 7),
(36, '2018_03_01_095418_create_morale_survey_notifications_table', 7),
(37, '2018_03_02_081746_alter_table_morale_survey_notification_add_column', 8),
(38, '2018_06_25_091415_alter_table_applicants_add_dates_application', 9);

-- --------------------------------------------------------

--
-- Table structure for table `morale_survey_notifications`
--

CREATE TABLE `morale_survey_notifications` (
  `id` int(10) UNSIGNED NOT NULL,
  `sem_id` int(10) UNSIGNED NOT NULL,
  `user_id` int(10) UNSIGNED NOT NULL,
  `div_id` int(10) UNSIGNED NOT NULL,
  `created_at` timestamp NULL DEFAULT NULL,
  `updated_at` timestamp NULL DEFAULT NULL
) ENGINE=InnoDB DEFAULT CHARSET=utf8mb4 COLLATE=utf8mb4_unicode_ci;

--
-- Dumping data for table `morale_survey_notifications`
--

INSERT INTO `morale_survey_notifications` (`id`, `sem_id`, `user_id`, `div_id`, `created_at`, `updated_at`) VALUES
(1, 1, 2, 1, '2018-03-07 04:45:04', '2018-03-07 04:45:04');

-- --------------------------------------------------------

--
-- Table structure for table `morale_survey_questions`
--

CREATE TABLE `morale_survey_questions` (
  `id` int(10) UNSIGNED NOT NULL,
  `text_question` text COLLATE utf8mb4_unicode_ci NOT NULL,
  `created_at` timestamp NULL DEFAULT NULL,
  `updated_at` timestamp NULL DEFAULT NULL
) ENGINE=InnoDB DEFAULT CHARSET=utf8mb4 COLLATE=utf8mb4_unicode_ci;

--
-- Dumping data for table `morale_survey_questions`
--

INSERT INTO `morale_survey_questions` (`id`, `text_question`, `created_at`, `updated_at`) VALUES
(1, 'Do you clearly understand your organization\'s policies and goals?', '2018-03-01 05:02:51', '2018-03-01 05:02:51'),
(2, 'Has your superior ably translated your organization\'s objectives into meaningful assignments and goals for you?', '2018-03-01 05:02:51', '2018-03-01 05:02:51'),
(3, 'Do you find your job interesting and challenging?', '2018-03-01 05:02:51', '2018-03-01 05:02:51'),
(4, 'Do you get any satisfaction from your work?', '2018-03-01 05:02:51', '2018-03-01 05:02:51'),
(5, 'Do you think you are getting a fair remuneration package (salary, bonus, allowances, and other benefits) for your job?', '2018-03-01 05:02:51', '2018-03-01 05:02:51'),
(6, 'Are you sufficiently recognized by your superior for performing a good job?', '2018-03-01 05:02:51', '2018-03-01 05:02:51'),
(7, 'Are you given adequate training and coaching to help you develop your potential?', '2018-03-01 05:02:51', '2018-03-01 05:02:51'),
(8, 'Does your superior take time to discuss with you your performance, growth and development?', '2018-03-01 05:02:51', '2018-03-01 05:02:51'),
(9, 'Do you think the amount of trust, cooperation, understanding and warmth that exists both among staff and between staff and management is high?', '2018-03-01 05:02:51', '2018-03-01 05:02:51'),
(10, 'Do you think teamwork in your department is good?', '2018-03-01 05:02:52', '2018-03-01 05:02:52'),
(11, 'Do you think there are good career opportunities and good chance for advancement in your organization?', '2018-03-01 05:02:52', '2018-03-01 05:02:52'),
(12, 'Do you think you do not need to play politics to get ahead in your organization?', '2018-03-01 05:02:52', '2018-03-01 05:02:52'),
(13, 'Do you think the management implements your organization\'s policies fairly?', '2018-03-01 05:02:52', '2018-03-01 05:02:52'),
(14, 'Can you trust the management and believe in what they say?', '2018-03-01 05:02:52', '2018-03-01 05:02:52'),
(15, 'Is communication in your organization effective, both among staff and between management and staff?', '2018-03-01 05:02:52', '2018-03-01 05:02:52'),
(16, 'Do you think the feelings, ideas and suggestions of staff are communicated to the management?', '2018-03-01 05:02:52', '2018-03-01 05:02:52'),
(17, 'Are you willing to put in efforts beyond that normally expected in order to help your organization be successful?', '2018-03-01 05:02:52', '2018-03-01 05:02:52'),
(18, 'Do you want to continue to work for your organization in the next 5 years?', '2018-03-01 05:02:52', '2018-03-01 05:02:52');

-- --------------------------------------------------------

--
-- Table structure for table `morale_survey_ratings`
--

CREATE TABLE `morale_survey_ratings` (
  `id` int(10) UNSIGNED NOT NULL,
  `user_id` int(10) UNSIGNED DEFAULT NULL,
  `question_id` int(10) UNSIGNED DEFAULT NULL,
  `score` int(11) DEFAULT NULL,
  `semestral_id` int(10) UNSIGNED DEFAULT NULL,
  `created_at` timestamp NULL DEFAULT NULL,
  `updated_at` timestamp NULL DEFAULT NULL
) ENGINE=InnoDB DEFAULT CHARSET=utf8mb4 COLLATE=utf8mb4_unicode_ci;

--
-- Dumping data for table `morale_survey_ratings`
--

INSERT INTO `morale_survey_ratings` (`id`, `user_id`, `question_id`, `score`, `semestral_id`, `created_at`, `updated_at`) VALUES
(1, 2, 1, 4, 1, '2018-03-07 04:45:04', '2018-03-07 04:45:04'),
(2, 2, 2, 5, 1, '2018-03-07 04:45:04', '2018-03-07 04:45:04'),
(3, 2, 3, 5, 1, '2018-03-07 04:45:04', '2018-03-07 04:45:04'),
(4, 2, 4, 4, 1, '2018-03-07 04:45:04', '2018-03-07 04:45:04'),
(5, 2, 5, 5, 1, '2018-03-07 04:45:04', '2018-03-07 04:45:04'),
(6, 2, 6, 3, 1, '2018-03-07 04:45:04', '2018-03-07 04:45:04'),
(7, 2, 7, 5, 1, '2018-03-07 04:45:04', '2018-03-07 04:45:04'),
(8, 2, 8, 2, 1, '2018-03-07 04:45:04', '2018-03-07 04:45:04'),
(9, 2, 9, 4, 1, '2018-03-07 04:45:04', '2018-03-07 04:45:04'),
(10, 2, 10, 2, 1, '2018-03-07 04:45:04', '2018-03-07 04:45:04'),
(11, 2, 11, 4, 1, '2018-03-07 04:45:04', '2018-03-07 04:45:04'),
(12, 2, 12, 4, 1, '2018-03-07 04:45:04', '2018-03-07 04:45:04'),
(13, 2, 13, 4, 1, '2018-03-07 04:45:04', '2018-03-07 04:45:04'),
(14, 2, 14, 2, 1, '2018-03-07 04:45:04', '2018-03-07 04:45:04'),
(15, 2, 15, 4, 1, '2018-03-07 04:45:04', '2018-03-07 04:45:04'),
(16, 2, 16, 4, 1, '2018-03-07 04:45:04', '2018-03-07 04:45:04'),
(17, 2, 17, 4, 1, '2018-03-07 04:45:04', '2018-03-07 04:45:04'),
(18, 2, 18, 3, 1, '2018-03-07 04:45:05', '2018-03-07 04:45:05');

-- --------------------------------------------------------

--
-- Table structure for table `morale_survey_semestrals`
--

CREATE TABLE `morale_survey_semestrals` (
  `id` int(10) UNSIGNED NOT NULL,
  `month_from` int(11) NOT NULL,
  `month_to` int(11) NOT NULL,
  `year` char(4) COLLATE utf8mb4_unicode_ci NOT NULL,
  `created_at` timestamp NULL DEFAULT NULL,
  `updated_at` timestamp NULL DEFAULT NULL
) ENGINE=InnoDB DEFAULT CHARSET=utf8mb4 COLLATE=utf8mb4_unicode_ci;

--
-- Dumping data for table `morale_survey_semestrals`
--

INSERT INTO `morale_survey_semestrals` (`id`, `month_from`, `month_to`, `year`, `created_at`, `updated_at`) VALUES
(1, 1, 6, '2018', '2018-03-06 04:20:45', '2018-03-06 04:20:45');

-- --------------------------------------------------------

--
-- Table structure for table `offices`
--

CREATE TABLE `offices` (
  `id` int(10) UNSIGNED NOT NULL,
  `div_name` varchar(50) COLLATE utf8mb4_unicode_ci DEFAULT NULL,
  `acronym` char(191) COLLATE utf8mb4_unicode_ci NOT NULL,
  `div_head_id` int(10) UNSIGNED DEFAULT NULL,
  `position` varchar(191) COLLATE utf8mb4_unicode_ci DEFAULT NULL,
  `created_at` timestamp NULL DEFAULT NULL,
  `updated_at` timestamp NULL DEFAULT NULL
) ENGINE=InnoDB DEFAULT CHARSET=utf8mb4 COLLATE=utf8mb4_unicode_ci;

--
-- Dumping data for table `offices`
--

INSERT INTO `offices` (`id`, `div_name`, `acronym`, `div_head_id`, `position`, `created_at`, `updated_at`) VALUES
(1, 'Office of the Regional Director', 'ORD', NULL, NULL, '2018-02-07 23:49:37', '2018-02-07 23:49:37'),
(2, 'Finance and Administrative Services', 'FAS', NULL, NULL, '2018-02-07 23:49:37', '2018-02-07 23:49:37'),
(3, 'Field Operations Division', 'FOD', NULL, NULL, '2018-02-07 23:49:37', '2018-02-07 23:49:37'),
(4, 'Technical Service Provider', 'TSS', NULL, NULL, '2018-02-07 23:49:37', '2018-02-07 23:49:37'),
(5, 'Regional Science and Technology Laboratory', 'RSTL', NULL, NULL, '2018-02-09 01:24:33', '2018-02-09 01:24:33');

-- --------------------------------------------------------

--
-- Table structure for table `password_resets`
--

CREATE TABLE `password_resets` (
  `email` varchar(191) COLLATE utf8mb4_unicode_ci NOT NULL,
  `token` varchar(191) COLLATE utf8mb4_unicode_ci NOT NULL,
  `created_at` timestamp NULL DEFAULT NULL
) ENGINE=InnoDB DEFAULT CHARSET=utf8mb4 COLLATE=utf8mb4_unicode_ci;

-- --------------------------------------------------------

--
-- Table structure for table `permissions`
--

CREATE TABLE `permissions` (
  `id` int(10) UNSIGNED NOT NULL,
  `name` varchar(191) COLLATE utf8mb4_unicode_ci NOT NULL,
  `created_at` timestamp NULL DEFAULT NULL,
  `updated_at` timestamp NULL DEFAULT NULL
) ENGINE=InnoDB DEFAULT CHARSET=utf8mb4 COLLATE=utf8mb4_unicode_ci;

--
-- Dumping data for table `permissions`
--

INSERT INTO `permissions` (`id`, `name`, `created_at`, `updated_at`) VALUES
(1, 'administrator', '2018-02-07 23:49:37', '2018-02-07 23:49:37'),
(3, 'dummy account', '2018-03-05 05:47:18', '2018-03-05 05:47:18'),
(4, 'unit/division head', '2018-03-05 09:59:14', '2018-03-05 09:59:14');

-- --------------------------------------------------------

--
-- Table structure for table `position_hirings`
--

CREATE TABLE `position_hirings` (
  `id` int(10) UNSIGNED NOT NULL,
  `title` varchar(191) COLLATE utf8mb4_unicode_ci NOT NULL,
  `acronym` char(10) COLLATE utf8mb4_unicode_ci DEFAULT NULL,
  `sal_grade` int(11) NOT NULL,
  `item_no` text COLLATE utf8mb4_unicode_ci,
  `publication_no` text COLLATE utf8mb4_unicode_ci,
  `education_reqs` text COLLATE utf8mb4_unicode_ci,
  `experience_reqs` text COLLATE utf8mb4_unicode_ci,
  `training_reqs` text COLLATE utf8mb4_unicode_ci,
  `eligibilities` text COLLATE utf8mb4_unicode_ci,
  `slots` int(11) DEFAULT NULL,
  `status` int(11) DEFAULT '1',
  `created_at` timestamp NULL DEFAULT NULL,
  `updated_at` timestamp NULL DEFAULT NULL
) ENGINE=InnoDB DEFAULT CHARSET=utf8mb4 COLLATE=utf8mb4_unicode_ci;

--
-- Dumping data for table `position_hirings`
--

INSERT INTO `position_hirings` (`id`, `title`, `acronym`, `sal_grade`, `item_no`, `publication_no`, `education_reqs`, `experience_reqs`, `training_reqs`, `eligibilities`, `slots`, `status`, `created_at`, `updated_at`) VALUES
(2, 'Science Research Specialist II', 'SRS II', 16, 'OSEC-DOSTB-SRAS2-123-1998,OSEC-DOSTB-SRAS2-117-1998,OSEC-DOSTB-SRAS2-12-1998', NULL, 'Bachelor\'s degree relevant to the job', '1 year of relevant experience', '4 hours of relevant training', 'Career Service (Professional ) Second Level Eligibility', 3, 1, '2018-06-22 00:43:32', '2018-06-22 00:43:32');

-- --------------------------------------------------------

--
-- Table structure for table `psboard_members`
--

CREATE TABLE `psboard_members` (
  `id` int(10) UNSIGNED NOT NULL,
  `user_id` int(10) UNSIGNED NOT NULL,
  `designation` varchar(191) COLLATE utf8mb4_unicode_ci DEFAULT NULL,
  `acronym` char(10) COLLATE utf8mb4_unicode_ci DEFAULT NULL,
  `status` int(11) NOT NULL DEFAULT '1',
  `created_at` timestamp NULL DEFAULT NULL,
  `updated_at` timestamp NULL DEFAULT NULL
) ENGINE=InnoDB DEFAULT CHARSET=utf8mb4 COLLATE=utf8mb4_unicode_ci;

--
-- Dumping data for table `psboard_members`
--

INSERT INTO `psboard_members` (`id`, `user_id`, `designation`, `acronym`, `status`, `created_at`, `updated_at`) VALUES
(1, 2, 'MEMBER', 'NMA', 1, '2018-02-08 02:12:06', '2018-02-08 02:12:06');

-- --------------------------------------------------------

--
-- Table structure for table `psb_ratings`
--

CREATE TABLE `psb_ratings` (
  `id` int(10) UNSIGNED NOT NULL,
  `lineup_applicant_id` int(10) UNSIGNED DEFAULT NULL,
  `psb_id` int(10) UNSIGNED DEFAULT NULL,
  `rate_education` double(4,2) DEFAULT NULL,
  `rate_training` double(4,2) DEFAULT NULL,
  `rate_experience` double(4,2) DEFAULT NULL,
  `rate_character` double(4,2) DEFAULT NULL,
  `rate_comm_skills` double(4,2) DEFAULT NULL,
  `rate_special_skills` double(4,2) DEFAULT NULL,
  `rate_special_award` double(4,2) DEFAULT NULL,
  `rate_potential` double(4,2) DEFAULT NULL,
  `remarks` text COLLATE utf8mb4_unicode_ci,
  `created_at` timestamp NULL DEFAULT NULL,
  `updated_at` timestamp NULL DEFAULT NULL
) ENGINE=InnoDB DEFAULT CHARSET=utf8mb4 COLLATE=utf8mb4_unicode_ci;

-- --------------------------------------------------------

--
-- Table structure for table `roles`
--

CREATE TABLE `roles` (
  `id` int(10) UNSIGNED NOT NULL,
  `name` varchar(191) COLLATE utf8mb4_unicode_ci NOT NULL,
  `created_at` timestamp NULL DEFAULT NULL,
  `updated_at` timestamp NULL DEFAULT NULL
) ENGINE=InnoDB DEFAULT CHARSET=utf8mb4 COLLATE=utf8mb4_unicode_ci;

--
-- Dumping data for table `roles`
--

INSERT INTO `roles` (`id`, `name`, `created_at`, `updated_at`) VALUES
(1, 'Admin', '2018-02-07 23:49:37', '2018-02-07 23:49:37'),
(3, 'dummy', '2018-03-05 05:47:27', '2018-03-05 05:47:27'),
(4, 'unit head', '2018-03-05 09:59:25', '2018-03-05 09:59:25');

-- --------------------------------------------------------

--
-- Table structure for table `role_has_permissions`
--

CREATE TABLE `role_has_permissions` (
  `permission_id` int(10) UNSIGNED NOT NULL,
  `role_id` int(10) UNSIGNED NOT NULL
) ENGINE=InnoDB DEFAULT CHARSET=utf8mb4 COLLATE=utf8mb4_unicode_ci;

--
-- Dumping data for table `role_has_permissions`
--

INSERT INTO `role_has_permissions` (`permission_id`, `role_id`) VALUES
(1, 1),
(3, 3),
(4, 4);

-- --------------------------------------------------------

--
-- Table structure for table `table_month`
--

CREATE TABLE `table_month` (
  `id` int(10) UNSIGNED NOT NULL,
  `month` varchar(191) COLLATE utf8mb4_unicode_ci NOT NULL,
  `acronym` char(3) COLLATE utf8mb4_unicode_ci DEFAULT NULL,
  `created_at` timestamp NULL DEFAULT NULL,
  `updated_at` timestamp NULL DEFAULT NULL
) ENGINE=InnoDB DEFAULT CHARSET=utf8mb4 COLLATE=utf8mb4_unicode_ci;

--
-- Dumping data for table `table_month`
--

INSERT INTO `table_month` (`id`, `month`, `acronym`, `created_at`, `updated_at`) VALUES
(1, 'January', 'Jan', '2018-02-20 06:10:21', '2018-02-20 06:10:21'),
(2, 'February', 'Feb', '2018-02-20 06:10:21', '2018-02-20 06:10:21'),
(3, 'March', 'Mar', '2018-02-20 06:10:21', '2018-02-20 06:10:21'),
(4, 'April', 'Apr', '2018-02-20 06:10:21', '2018-02-20 06:10:21'),
(5, 'May', 'May', '2018-02-20 06:10:21', '2018-02-20 06:10:21'),
(6, 'June', 'Jun', '2018-02-20 06:10:21', '2018-02-20 06:10:21'),
(7, 'July', 'Jul', '2018-02-20 06:10:21', '2018-02-20 06:10:21'),
(8, 'August', 'Aug', '2018-02-20 06:10:21', '2018-02-20 06:10:21'),
(9, 'September', 'Sep', '2018-02-20 06:10:21', '2018-02-20 06:10:21'),
(10, 'October', 'Oct', '2018-02-20 06:10:21', '2018-02-20 06:10:21'),
(11, 'November', 'Nov', '2018-02-20 06:10:21', '2018-02-20 06:10:21'),
(12, 'December', 'Dec', '2018-02-20 06:10:21', '2018-02-20 06:10:21');

-- --------------------------------------------------------

--
-- Table structure for table `users`
--

CREATE TABLE `users` (
  `id` int(10) UNSIGNED NOT NULL,
  `username` varchar(50) COLLATE utf8mb4_unicode_ci NOT NULL,
  `password` varchar(191) COLLATE utf8mb4_unicode_ci NOT NULL,
  `remember_token` varchar(100) COLLATE utf8mb4_unicode_ci DEFAULT NULL,
  `lastname` varchar(50) COLLATE utf8mb4_unicode_ci NOT NULL,
  `firstname` varchar(50) COLLATE utf8mb4_unicode_ci NOT NULL,
  `middlename` varchar(50) COLLATE utf8mb4_unicode_ci DEFAULT NULL,
  `email` varchar(191) COLLATE utf8mb4_unicode_ci NOT NULL,
  `mobile_number` char(20) COLLATE utf8mb4_unicode_ci DEFAULT NULL,
  `div_unit` int(10) UNSIGNED DEFAULT NULL,
  `position` varchar(50) COLLATE utf8mb4_unicode_ci DEFAULT NULL,
  `__isActive` tinyint(1) NOT NULL DEFAULT '0',
  `__isAdmin` tinyint(1) NOT NULL DEFAULT '0',
  `__img` varchar(50) COLLATE utf8mb4_unicode_ci NOT NULL DEFAULT 'img/user-icon.png',
  `created_at` timestamp NULL DEFAULT NULL,
  `updated_at` timestamp NULL DEFAULT NULL
) ENGINE=InnoDB DEFAULT CHARSET=utf8mb4 COLLATE=utf8mb4_unicode_ci;

--
-- Dumping data for table `users`
--

INSERT INTO `users` (`id`, `username`, `password`, `remember_token`, `lastname`, `firstname`, `middlename`, `email`, `mobile_number`, `div_unit`, `position`, `__isActive`, `__isAdmin`, `__img`, `created_at`, `updated_at`) VALUES
(2, 'nmajoc', '$2y$10$g5yZAT9b1wvtJXWNDMOSI.1f3T9Ma1s/pLvMWzqOyCxsa4Q3oJYQS', 'RweHx9PLEaTVmJ5lb7eS9Bo5fVEGkHI2McmCTSCMvK6TJlRWjeeeu7ebBMxd', 'Ajoc', 'Noel', 'M', 'nmajoc@gmail.com', '+63 9__ ___ ____', 4, NULL, 1, 1, 'img/user-icon.png', '2018-01-22 13:29:41', '2018-06-28 00:42:30'),
(3, 'maer', '$2y$10$1kwGkb6wdMICHOri2bgUkuzOX1/EqsR5HPOXPpvY4ByCtu11WNSaa', 'dyuqXKTW301bMq1uItYox0nub8gV02NLyMzyaQUcIdlmDMVv69S3DpJJp7A1', 'Alao', 'Maricel', '', 'maerracs105@gmail.com', '+63 9__ ___ ____', 3, 'staff', 1, 0, 'img/user-icon.png', '2018-01-30 15:33:30', '2018-06-22 00:40:50'),
(4, 'Cha2', '$2y$10$H7szvTbQDqYxeXfEKOKMWeAwy9K76mP8DEdQpPIeSaT5lVP5qcWqe', 'kEVRfyf8UIptBPvnVYss3judgte2d2r63wDXwwcgGr3WmLW67D9jV04HFWo0', 'Estorpe', 'Charity', 'L.', 'clestorpe1023@yahoo.com', '+63 948 163 9425', 2, 'HR/Admin', 1, 0, 'img/user-icon.png', '2018-02-08 02:07:31', '2018-07-17 04:44:59'),
(12, 'admin', '$2y$10$zFAshWcNvEejzDMDDfrdX.tY9DIyTp3HJj19M1vIOjqcaFeKcIN4S', 'R9h0IlzMedhfyPZFKvRrhGTHG1PDNU4s22vIRLsTZ9CqQE0TK8Rj9eqFDqTC', 'DOSTAdmin', 'DOSTAdmin', NULL, 'admin@gmail.com', '+63 9__ ___ ____', 4, NULL, 1, 1, 'img/user-icon.png', '2018-01-22 13:29:41', '2018-06-28 00:42:11'),
(13, 'bebe', '$2y$10$5RmZOIxHc3NjV/dvu92/Q.RNZXZY6wm4M.n4tdn9Q/U9OuXqkCz/K', NULL, 'Hidalgo', 'Shennie Anne', 'Coddy', 'bebeshen914@gmail.com', '+63 910 219 5755', 4, 'OJT', 1, 1, 'img/user-icon.png', '2018-06-22 00:30:28', '2018-06-22 00:31:55'),
(14, 'paladolaurel', '$2y$10$2qQwXZqMMOn60nXT4o.1auPj3SH7X.LWolY0RGyYuXkEYez7M.bme', 'aOJn1dzPcnYFxd4hN8q0jLgCLmOpScwiYiBAeKGTiUx9NlNbFumRz84u0OFN', 'Palado', 'Giles', 'Pasok', 'paladogiles@gmail.com', '+63 907 696 0233', 4, 'OJT', 1, 1, 'img/user-icon.png', '2018-06-22 00:30:28', '2018-06-22 00:32:06'),
(15, 'cipher', '$2y$10$pF7/ZyMhSud/LTQPd5/hc.ccAnCTHK9DFtW2YXJx.wsDhjEr.mLlG', 'biEuNEOUEH1dBE6zzCJvSmTFi4PH6zRcYiwwQAg3o6on6Q03GxGlTMqFQlzB', 'Macalalag', 'Jonason', 'Recto', 'cipher.leo23@gmail.com', '+63 995 763 9701', 4, 'Project Staff', 0, 0, 'img/user-icon.png', '2019-06-17 02:36:52', '2019-06-17 02:36:52');

-- --------------------------------------------------------

--
-- Table structure for table `user_has_permissions`
--

CREATE TABLE `user_has_permissions` (
  `user_id` int(10) UNSIGNED NOT NULL,
  `permission_id` int(10) UNSIGNED NOT NULL
) ENGINE=InnoDB DEFAULT CHARSET=utf8mb4 COLLATE=utf8mb4_unicode_ci;

-- --------------------------------------------------------

--
-- Table structure for table `user_has_roles`
--

CREATE TABLE `user_has_roles` (
  `role_id` int(10) UNSIGNED NOT NULL,
  `user_id` int(10) UNSIGNED NOT NULL
) ENGINE=InnoDB DEFAULT CHARSET=utf8mb4 COLLATE=utf8mb4_unicode_ci;

--
-- Dumping data for table `user_has_roles`
--

INSERT INTO `user_has_roles` (`role_id`, `user_id`) VALUES
(1, 2),
(1, 3),
(1, 4),
(1, 12),
(1, 13),
(1, 14),
(4, 2);

-- --------------------------------------------------------

--
-- Table structure for table `_table_codes`
--

CREATE TABLE `_table_codes` (
  `id` int(10) UNSIGNED NOT NULL,
  `identifier` varchar(191) COLLATE utf8mb4_unicode_ci DEFAULT NULL,
  `year` char(4) COLLATE utf8mb4_unicode_ci DEFAULT NULL,
  `series` int(11) DEFAULT NULL,
  `created_at` timestamp NULL DEFAULT NULL,
  `updated_at` timestamp NULL DEFAULT NULL
) ENGINE=InnoDB DEFAULT CHARSET=utf8mb4 COLLATE=utf8mb4_unicode_ci;

--
-- Indexes for dumped tables
--

--
-- Indexes for table `applicants`
--
ALTER TABLE `applicants`
  ADD PRIMARY KEY (`id`),
  ADD KEY `applicants_log_id_foreign` (`log_id`),
  ADD KEY `barangay_id` (`barangay_code`);

--
-- Indexes for table `applicant_attachments`
--
ALTER TABLE `applicant_attachments`
  ADD PRIMARY KEY (`id`),
  ADD KEY `applicant_attachments_applicant_id_foreign` (`applicant_id`);

--
-- Indexes for table `applicant_educations`
--
ALTER TABLE `applicant_educations`
  ADD PRIMARY KEY (`id`),
  ADD KEY `applicant_educations_applicant_id_foreign` (`applicant_id`);

--
-- Indexes for table `applicant_eligibilities`
--
ALTER TABLE `applicant_eligibilities`
  ADD PRIMARY KEY (`id`),
  ADD KEY `applicant_eligibilities_applicant_id_foreign` (`applicant_id`);

--
-- Indexes for table `applicant_experiences`
--
ALTER TABLE `applicant_experiences`
  ADD PRIMARY KEY (`id`),
  ADD KEY `applicant_experiences_applicant_id_foreign` (`applicant_id`);

--
-- Indexes for table `applicant_lineups`
--
ALTER TABLE `applicant_lineups`
  ADD PRIMARY KEY (`id`),
  ADD KEY `applicant_lineups_position_id_foreign` (`position_id`);

--
-- Indexes for table `applicant_lineup_groups`
--
ALTER TABLE `applicant_lineup_groups`
  ADD PRIMARY KEY (`id`),
  ADD KEY `applicant_lineup_groups_lineup_id_foreign` (`lineup_id`),
  ADD KEY `applicant_lineup_groups_applicant_id_foreign` (`applicant_id`);

--
-- Indexes for table `applicant_trainings`
--
ALTER TABLE `applicant_trainings`
  ADD PRIMARY KEY (`id`),
  ADD KEY `applicant_trainings_applicant_id_foreign` (`applicant_id`);

--
-- Indexes for table `ipcrs`
--
ALTER TABLE `ipcrs`
  ADD PRIMARY KEY (`id`),
  ADD UNIQUE KEY `ipcrs_year_month_from_month_to_user_id_office_id_unique` (`year`,`month_from`,`month_to`,`user_id`,`office_id`),
  ADD KEY `ipcrs_user_id_foreign` (`user_id`),
  ADD KEY `ipcrs_office_id_foreign` (`office_id`);

--
-- Indexes for table `ipcrs_monthly_target`
--
ALTER TABLE `ipcrs_monthly_target`
  ADD PRIMARY KEY (`id`),
  ADD KEY `ipcrs_monthly_target_obj_id_foreign` (`obj_id`),
  ADD KEY `ipcrs_monthly_target_month_id_foreign` (`month_id`);

--
-- Indexes for table `ipcrs_objective`
--
ALTER TABLE `ipcrs_objective`
  ADD PRIMARY KEY (`id`),
  ADD KEY `ipcrs_objective_ipcr_id_foreign` (`ipcr_id`);

--
-- Indexes for table `migrations`
--
ALTER TABLE `migrations`
  ADD PRIMARY KEY (`id`);

--
-- Indexes for table `morale_survey_notifications`
--
ALTER TABLE `morale_survey_notifications`
  ADD PRIMARY KEY (`id`),
  ADD UNIQUE KEY `morale_survey_notifications_sem_id_user_id_div_id_unique` (`sem_id`,`user_id`,`div_id`),
  ADD KEY `morale_survey_notifications_user_id_foreign` (`user_id`);

--
-- Indexes for table `morale_survey_questions`
--
ALTER TABLE `morale_survey_questions`
  ADD PRIMARY KEY (`id`);

--
-- Indexes for table `morale_survey_ratings`
--
ALTER TABLE `morale_survey_ratings`
  ADD PRIMARY KEY (`id`),
  ADD UNIQUE KEY `morale_survey_ratings_user_id_question_id_semestral_id_unique` (`user_id`,`question_id`,`semestral_id`),
  ADD KEY `morale_survey_ratings_question_id_foreign` (`question_id`),
  ADD KEY `morale_survey_ratings_semestral_id_foreign` (`semestral_id`);

--
-- Indexes for table `morale_survey_semestrals`
--
ALTER TABLE `morale_survey_semestrals`
  ADD PRIMARY KEY (`id`),
  ADD UNIQUE KEY `morale_survey_semestrals_month_from_month_to_year_unique` (`month_from`,`month_to`,`year`);

--
-- Indexes for table `offices`
--
ALTER TABLE `offices`
  ADD PRIMARY KEY (`id`),
  ADD KEY `offices_div_head_id_foreign` (`div_head_id`);

--
-- Indexes for table `password_resets`
--
ALTER TABLE `password_resets`
  ADD KEY `password_resets_email_index` (`email`);

--
-- Indexes for table `permissions`
--
ALTER TABLE `permissions`
  ADD PRIMARY KEY (`id`),
  ADD UNIQUE KEY `permissions_name_unique` (`name`);

--
-- Indexes for table `position_hirings`
--
ALTER TABLE `position_hirings`
  ADD PRIMARY KEY (`id`);

--
-- Indexes for table `psboard_members`
--
ALTER TABLE `psboard_members`
  ADD PRIMARY KEY (`id`),
  ADD KEY `psboard_members_user_id_foreign` (`user_id`);

--
-- Indexes for table `psb_ratings`
--
ALTER TABLE `psb_ratings`
  ADD PRIMARY KEY (`id`),
  ADD KEY `psb_ratings_lineup_applicant_id_foreign` (`lineup_applicant_id`),
  ADD KEY `psb_ratings_psb_id_foreign` (`psb_id`);

--
-- Indexes for table `roles`
--
ALTER TABLE `roles`
  ADD PRIMARY KEY (`id`),
  ADD UNIQUE KEY `roles_name_unique` (`name`);

--
-- Indexes for table `role_has_permissions`
--
ALTER TABLE `role_has_permissions`
  ADD PRIMARY KEY (`permission_id`,`role_id`),
  ADD KEY `role_has_permissions_role_id_foreign` (`role_id`);

--
-- Indexes for table `table_month`
--
ALTER TABLE `table_month`
  ADD PRIMARY KEY (`id`),
  ADD UNIQUE KEY `table_month_month_unique` (`month`);

--
-- Indexes for table `users`
--
ALTER TABLE `users`
  ADD PRIMARY KEY (`id`),
  ADD UNIQUE KEY `users_username_unique` (`username`),
  ADD UNIQUE KEY `users_email_unique` (`email`),
  ADD KEY `users_div_unit_foreign` (`div_unit`);

--
-- Indexes for table `user_has_permissions`
--
ALTER TABLE `user_has_permissions`
  ADD PRIMARY KEY (`user_id`,`permission_id`),
  ADD KEY `user_has_permissions_permission_id_foreign` (`permission_id`);

--
-- Indexes for table `user_has_roles`
--
ALTER TABLE `user_has_roles`
  ADD PRIMARY KEY (`role_id`,`user_id`),
  ADD KEY `user_has_roles_user_id_foreign` (`user_id`);

--
-- Indexes for table `_table_codes`
--
ALTER TABLE `_table_codes`
  ADD PRIMARY KEY (`id`);

--
-- AUTO_INCREMENT for dumped tables
--

--
-- AUTO_INCREMENT for table `applicants`
--
ALTER TABLE `applicants`
  MODIFY `id` int(10) UNSIGNED NOT NULL AUTO_INCREMENT, AUTO_INCREMENT=114;

--
-- AUTO_INCREMENT for table `applicant_attachments`
--
ALTER TABLE `applicant_attachments`
  MODIFY `id` int(10) UNSIGNED NOT NULL AUTO_INCREMENT;

--
-- AUTO_INCREMENT for table `applicant_educations`
--
ALTER TABLE `applicant_educations`
  MODIFY `id` int(10) UNSIGNED NOT NULL AUTO_INCREMENT, AUTO_INCREMENT=115;

--
-- AUTO_INCREMENT for table `applicant_eligibilities`
--
ALTER TABLE `applicant_eligibilities`
  MODIFY `id` int(10) UNSIGNED NOT NULL AUTO_INCREMENT, AUTO_INCREMENT=72;

--
-- AUTO_INCREMENT for table `applicant_experiences`
--
ALTER TABLE `applicant_experiences`
  MODIFY `id` int(10) UNSIGNED NOT NULL AUTO_INCREMENT, AUTO_INCREMENT=80;

--
-- AUTO_INCREMENT for table `applicant_lineups`
--
ALTER TABLE `applicant_lineups`
  MODIFY `id` int(10) UNSIGNED NOT NULL AUTO_INCREMENT, AUTO_INCREMENT=3;

--
-- AUTO_INCREMENT for table `applicant_lineup_groups`
--
ALTER TABLE `applicant_lineup_groups`
  MODIFY `id` int(10) UNSIGNED NOT NULL AUTO_INCREMENT, AUTO_INCREMENT=8;

--
-- AUTO_INCREMENT for table `applicant_trainings`
--
ALTER TABLE `applicant_trainings`
  MODIFY `id` int(10) UNSIGNED NOT NULL AUTO_INCREMENT, AUTO_INCREMENT=77;

--
-- AUTO_INCREMENT for table `ipcrs`
--
ALTER TABLE `ipcrs`
  MODIFY `id` int(10) UNSIGNED NOT NULL AUTO_INCREMENT;

--
-- AUTO_INCREMENT for table `ipcrs_monthly_target`
--
ALTER TABLE `ipcrs_monthly_target`
  MODIFY `id` int(10) UNSIGNED NOT NULL AUTO_INCREMENT;

--
-- AUTO_INCREMENT for table `ipcrs_objective`
--
ALTER TABLE `ipcrs_objective`
  MODIFY `id` int(10) UNSIGNED NOT NULL AUTO_INCREMENT;

--
-- AUTO_INCREMENT for table `migrations`
--
ALTER TABLE `migrations`
  MODIFY `id` int(10) UNSIGNED NOT NULL AUTO_INCREMENT, AUTO_INCREMENT=39;

--
-- AUTO_INCREMENT for table `morale_survey_notifications`
--
ALTER TABLE `morale_survey_notifications`
  MODIFY `id` int(10) UNSIGNED NOT NULL AUTO_INCREMENT, AUTO_INCREMENT=2;

--
-- AUTO_INCREMENT for table `morale_survey_questions`
--
ALTER TABLE `morale_survey_questions`
  MODIFY `id` int(10) UNSIGNED NOT NULL AUTO_INCREMENT, AUTO_INCREMENT=19;

--
-- AUTO_INCREMENT for table `morale_survey_ratings`
--
ALTER TABLE `morale_survey_ratings`
  MODIFY `id` int(10) UNSIGNED NOT NULL AUTO_INCREMENT, AUTO_INCREMENT=19;

--
-- AUTO_INCREMENT for table `morale_survey_semestrals`
--
ALTER TABLE `morale_survey_semestrals`
  MODIFY `id` int(10) UNSIGNED NOT NULL AUTO_INCREMENT, AUTO_INCREMENT=2;

--
-- AUTO_INCREMENT for table `offices`
--
ALTER TABLE `offices`
  MODIFY `id` int(10) UNSIGNED NOT NULL AUTO_INCREMENT, AUTO_INCREMENT=6;

--
-- AUTO_INCREMENT for table `permissions`
--
ALTER TABLE `permissions`
  MODIFY `id` int(10) UNSIGNED NOT NULL AUTO_INCREMENT, AUTO_INCREMENT=5;

--
-- AUTO_INCREMENT for table `position_hirings`
--
ALTER TABLE `position_hirings`
  MODIFY `id` int(10) UNSIGNED NOT NULL AUTO_INCREMENT, AUTO_INCREMENT=3;

--
-- AUTO_INCREMENT for table `psboard_members`
--
ALTER TABLE `psboard_members`
  MODIFY `id` int(10) UNSIGNED NOT NULL AUTO_INCREMENT, AUTO_INCREMENT=2;

--
-- AUTO_INCREMENT for table `psb_ratings`
--
ALTER TABLE `psb_ratings`
  MODIFY `id` int(10) UNSIGNED NOT NULL AUTO_INCREMENT;

--
-- AUTO_INCREMENT for table `roles`
--
ALTER TABLE `roles`
  MODIFY `id` int(10) UNSIGNED NOT NULL AUTO_INCREMENT, AUTO_INCREMENT=5;

--
-- AUTO_INCREMENT for table `table_month`
--
ALTER TABLE `table_month`
  MODIFY `id` int(10) UNSIGNED NOT NULL AUTO_INCREMENT, AUTO_INCREMENT=13;

--
-- AUTO_INCREMENT for table `users`
--
ALTER TABLE `users`
  MODIFY `id` int(10) UNSIGNED NOT NULL AUTO_INCREMENT, AUTO_INCREMENT=16;

--
-- AUTO_INCREMENT for table `_table_codes`
--
ALTER TABLE `_table_codes`
  MODIFY `id` int(10) UNSIGNED NOT NULL AUTO_INCREMENT;

--
-- Constraints for dumped tables
--

--
-- Constraints for table `applicants`
--
ALTER TABLE `applicants`
  ADD CONSTRAINT `applicants_ibfk_1` FOREIGN KEY (`barangay_code`) REFERENCES `phaddress`.`barangays` (`code`) ON DELETE SET NULL ON UPDATE NO ACTION,
  ADD CONSTRAINT `applicants_log_id_foreign` FOREIGN KEY (`log_id`) REFERENCES `users` (`id`) ON DELETE SET NULL;

--
-- Constraints for table `applicant_attachments`
--
ALTER TABLE `applicant_attachments`
  ADD CONSTRAINT `applicant_attachments_applicant_id_foreign` FOREIGN KEY (`applicant_id`) REFERENCES `applicants` (`id`) ON DELETE CASCADE;

--
-- Constraints for table `applicant_educations`
--
ALTER TABLE `applicant_educations`
  ADD CONSTRAINT `applicant_educations_applicant_id_foreign` FOREIGN KEY (`applicant_id`) REFERENCES `applicants` (`id`) ON DELETE CASCADE;

--
-- Constraints for table `applicant_eligibilities`
--
ALTER TABLE `applicant_eligibilities`
  ADD CONSTRAINT `applicant_eligibilities_applicant_id_foreign` FOREIGN KEY (`applicant_id`) REFERENCES `applicants` (`id`) ON DELETE CASCADE;

--
-- Constraints for table `applicant_experiences`
--
ALTER TABLE `applicant_experiences`
  ADD CONSTRAINT `applicant_experiences_applicant_id_foreign` FOREIGN KEY (`applicant_id`) REFERENCES `applicants` (`id`) ON DELETE CASCADE;

--
-- Constraints for table `applicant_lineups`
--
ALTER TABLE `applicant_lineups`
  ADD CONSTRAINT `applicant_lineups_position_id_foreign` FOREIGN KEY (`position_id`) REFERENCES `position_hirings` (`id`) ON DELETE SET NULL;

--
-- Constraints for table `applicant_lineup_groups`
--
ALTER TABLE `applicant_lineup_groups`
  ADD CONSTRAINT `applicant_lineup_groups_applicant_id_foreign` FOREIGN KEY (`applicant_id`) REFERENCES `applicants` (`id`) ON DELETE CASCADE,
  ADD CONSTRAINT `applicant_lineup_groups_lineup_id_foreign` FOREIGN KEY (`lineup_id`) REFERENCES `applicant_lineups` (`id`) ON DELETE CASCADE;

--
-- Constraints for table `applicant_trainings`
--
ALTER TABLE `applicant_trainings`
  ADD CONSTRAINT `applicant_trainings_applicant_id_foreign` FOREIGN KEY (`applicant_id`) REFERENCES `applicants` (`id`) ON DELETE CASCADE;

--
-- Constraints for table `ipcrs`
--
ALTER TABLE `ipcrs`
  ADD CONSTRAINT `ipcrs_office_id_foreign` FOREIGN KEY (`office_id`) REFERENCES `offices` (`id`) ON DELETE CASCADE,
  ADD CONSTRAINT `ipcrs_user_id_foreign` FOREIGN KEY (`user_id`) REFERENCES `users` (`id`) ON DELETE CASCADE;

--
-- Constraints for table `ipcrs_monthly_target`
--
ALTER TABLE `ipcrs_monthly_target`
  ADD CONSTRAINT `ipcrs_monthly_target_month_id_foreign` FOREIGN KEY (`month_id`) REFERENCES `table_month` (`id`) ON DELETE SET NULL,
  ADD CONSTRAINT `ipcrs_monthly_target_obj_id_foreign` FOREIGN KEY (`obj_id`) REFERENCES `ipcrs_objective` (`id`) ON DELETE CASCADE;

--
-- Constraints for table `ipcrs_objective`
--
ALTER TABLE `ipcrs_objective`
  ADD CONSTRAINT `ipcrs_objective_ipcr_id_foreign` FOREIGN KEY (`ipcr_id`) REFERENCES `ipcrs` (`id`) ON DELETE CASCADE;

--
-- Constraints for table `morale_survey_notifications`
--
ALTER TABLE `morale_survey_notifications`
  ADD CONSTRAINT `morale_survey_notifications_sem_id_foreign` FOREIGN KEY (`sem_id`) REFERENCES `morale_survey_semestrals` (`id`) ON DELETE CASCADE,
  ADD CONSTRAINT `morale_survey_notifications_user_id_foreign` FOREIGN KEY (`user_id`) REFERENCES `users` (`id`) ON DELETE CASCADE;

--
-- Constraints for table `morale_survey_ratings`
--
ALTER TABLE `morale_survey_ratings`
  ADD CONSTRAINT `morale_survey_ratings_question_id_foreign` FOREIGN KEY (`question_id`) REFERENCES `morale_survey_questions` (`id`) ON DELETE CASCADE,
  ADD CONSTRAINT `morale_survey_ratings_semestral_id_foreign` FOREIGN KEY (`semestral_id`) REFERENCES `morale_survey_semestrals` (`id`) ON DELETE CASCADE,
  ADD CONSTRAINT `morale_survey_ratings_user_id_foreign` FOREIGN KEY (`user_id`) REFERENCES `users` (`id`) ON DELETE CASCADE;

--
-- Constraints for table `offices`
--
ALTER TABLE `offices`
  ADD CONSTRAINT `offices_div_head_id_foreign` FOREIGN KEY (`div_head_id`) REFERENCES `users` (`id`) ON DELETE SET NULL;

--
-- Constraints for table `psboard_members`
--
ALTER TABLE `psboard_members`
  ADD CONSTRAINT `psboard_members_user_id_foreign` FOREIGN KEY (`user_id`) REFERENCES `users` (`id`) ON DELETE CASCADE;

--
-- Constraints for table `psb_ratings`
--
ALTER TABLE `psb_ratings`
  ADD CONSTRAINT `psb_ratings_lineup_applicant_id_foreign` FOREIGN KEY (`lineup_applicant_id`) REFERENCES `applicant_lineup_groups` (`id`) ON DELETE CASCADE,
  ADD CONSTRAINT `psb_ratings_psb_id_foreign` FOREIGN KEY (`psb_id`) REFERENCES `psboard_members` (`id`) ON DELETE CASCADE;

--
-- Constraints for table `role_has_permissions`
--
ALTER TABLE `role_has_permissions`
  ADD CONSTRAINT `role_has_permissions_permission_id_foreign` FOREIGN KEY (`permission_id`) REFERENCES `permissions` (`id`) ON DELETE CASCADE,
  ADD CONSTRAINT `role_has_permissions_role_id_foreign` FOREIGN KEY (`role_id`) REFERENCES `roles` (`id`) ON DELETE CASCADE;

--
-- Constraints for table `users`
--
ALTER TABLE `users`
  ADD CONSTRAINT `users_div_unit_foreign` FOREIGN KEY (`div_unit`) REFERENCES `offices` (`id`) ON DELETE SET NULL;

--
-- Constraints for table `user_has_permissions`
--
ALTER TABLE `user_has_permissions`
  ADD CONSTRAINT `user_has_permissions_permission_id_foreign` FOREIGN KEY (`permission_id`) REFERENCES `permissions` (`id`) ON DELETE CASCADE,
  ADD CONSTRAINT `user_has_permissions_user_id_foreign` FOREIGN KEY (`user_id`) REFERENCES `users` (`id`) ON DELETE CASCADE;

--
-- Constraints for table `user_has_roles`
--
ALTER TABLE `user_has_roles`
  ADD CONSTRAINT `user_has_roles_role_id_foreign` FOREIGN KEY (`role_id`) REFERENCES `roles` (`id`) ON DELETE CASCADE,
  ADD CONSTRAINT `user_has_roles_user_id_foreign` FOREIGN KEY (`user_id`) REFERENCES `users` (`id`) ON DELETE CASCADE;
COMMIT;

/*!40101 SET CHARACTER_SET_CLIENT=@OLD_CHARACTER_SET_CLIENT */;
/*!40101 SET CHARACTER_SET_RESULTS=@OLD_CHARACTER_SET_RESULTS */;
/*!40101 SET COLLATION_CONNECTION=@OLD_COLLATION_CONNECTION */;
