-- phpMyAdmin SQL Dump
-- version 4.8.4
-- https://www.phpmyadmin.net/
--
-- Host: 127.0.0.1
-- Generation Time: Jul 04, 2019 at 08:15 AM
-- Server version: 10.1.37-MariaDB
-- PHP Version: 7.3.0

SET SQL_MODE = "NO_AUTO_VALUE_ON_ZERO";
SET AUTOCOMMIT = 0;
START TRANSACTION;
SET time_zone = "+00:00";


/*!40101 SET @OLD_CHARACTER_SET_CLIENT=@@CHARACTER_SET_CLIENT */;
/*!40101 SET @OLD_CHARACTER_SET_RESULTS=@@CHARACTER_SET_RESULTS */;
/*!40101 SET @OLD_COLLATION_CONNECTION=@@COLLATION_CONNECTION */;
/*!40101 SET NAMES utf8mb4 */;

--
-- Database: `phschool`
--

-- --------------------------------------------------------

--
-- Table structure for table `academic_degrees`
--

CREATE TABLE `academic_degrees` (
  `id` int(10) UNSIGNED NOT NULL,
  `name` varchar(100) NOT NULL
) ENGINE=InnoDB DEFAULT CHARSET=latin1;

--
-- Dumping data for table `academic_degrees`
--

INSERT INTO `academic_degrees` (`id`, `name`) VALUES
(4, 'Associate'),
(1, 'Bachelor'),
(3, 'Doctorate'),
(2, 'Master');

-- --------------------------------------------------------

--
-- Table structure for table `course`
--

CREATE TABLE `course` (
  `id` int(11) NOT NULL,
  `title` varchar(250) NOT NULL,
  `abbreviation` varchar(30) DEFAULT NULL,
  `gradLevel` int(2) NOT NULL
) ENGINE=InnoDB DEFAULT CHARSET=latin1;

--
-- Dumping data for table `course`
--

INSERT INTO `course` (`id`, `title`, `abbreviation`, `gradLevel`) VALUES
(1, 'Agricultural Technology', NULL, 4),
(2, 'Bachelor In Agricultural Technology', NULL, 4),
(3, 'Bachelor In Mathematics Education', NULL, 4),
(4, 'Bachelor Of Medical Laboratory Science', NULL, 4),
(5, 'Bs Aeronautical Engineering', NULL, 4),
(6, 'Bs Agribusiness Management', NULL, 4),
(7, 'Bs Agricultural And Biosystems Engineering', NULL, 4),
(8, 'Bs Agricultural Biotechnology', NULL, 4),
(9, 'Bs Agricultural Chemistry', NULL, 4),
(10, 'Bs Agricultural Economics', NULL, 4),
(11, 'Bs Agricultural Engineering', NULL, 4),
(12, 'Bs Agricultural Engineering', NULL, 4),
(13, 'Bs Agricultural Technology', NULL, 4),
(14, 'Bs Agriculture', NULL, 4),
(15, 'Bs Animal Husbandry', NULL, 4),
(16, 'Bs Animal Science', NULL, 4),
(17, 'Bs Applied Mathematics', NULL, 4),
(18, 'Bs Applied Physics', NULL, 4),
(19, 'Bs Applied Statistics', NULL, 4),
(20, 'Bs Biology', NULL, 4),
(21, 'Bs Biology For Teachers', NULL, 4),
(22, 'Bs Biotechnology', NULL, 4),
(23, 'Bs Ceramics Engineering', NULL, 4),
(24, 'Bs Chemical Engineering', NULL, 4),
(25, 'Bs Chemistry', NULL, 4),
(26, 'Bs Chemistry-Physics', NULL, 4),
(27, 'Bs Civil Engineering', NULL, 4),
(28, 'Bs Computer Engineering', NULL, 4),
(29, 'Bs Computer Science', NULL, 4),
(30, 'Bs Computer Science-It', NULL, 4),
(31, 'Bs Electrical Engineering', NULL, 4),
(32, 'Bs Electronics And Communications Engineering', NULL, 4),
(33, 'Bs Electronics Engineering', NULL, 4),
(34, 'Bs Environmental Science', NULL, 4),
(35, 'Bs Fisheries', NULL, 4),
(36, 'Bs Food Science And Technology', NULL, 4),
(37, 'Bs Food Technology', NULL, 4),
(38, 'Bs Forestry', NULL, 4),
(39, 'Bs General Engineering', NULL, 4),
(40, 'Bs Geodetic Engineering', NULL, 4),
(41, 'Bs Geology', NULL, 4),
(42, 'Bs Geothermal Engineering', NULL, 4),
(43, 'Bs Industrial Engineering', NULL, 4),
(44, 'Bs Information Systems', NULL, 4),
(45, 'Bs Information Technology', NULL, 4),
(46, 'Bs Marine Biology', NULL, 4),
(47, 'Bs Mathematical Science', NULL, 4),
(48, 'Bs Mathematics', NULL, 4),
(49, 'Bs Mathematics And Science Teaching', NULL, 4),
(50, 'Bs Mathematics For Teachers', NULL, 4),
(51, 'Bs Mechanical Engineering', NULL, 4),
(52, 'Bs Mechanical Engineering With Mechatronics', NULL, 4),
(53, 'Bs Medical Technology', NULL, 4),
(54, 'Bs Metallurgical Engineering', NULL, 4),
(55, 'Bs Mining Engineering', NULL, 4),
(56, 'Bs Nutrition And Dietetics', NULL, 4),
(57, 'Bs Petroleum Engineering', NULL, 4),
(58, 'Bs Pharmacy', NULL, 4),
(59, 'Bs Physics', NULL, 4),
(60, 'Bs Psychology', NULL, 4),
(61, 'Bs Public Health', NULL, 4),
(62, 'Bs Statistics', NULL, 4),
(63, 'Bs Zoology', NULL, 4),
(64, 'Bse Biological Sciences', NULL, 4),
(65, 'Bse Biology', NULL, 4),
(66, 'Bse Biology-Chemistry', NULL, 4),
(67, 'Bse Chemistry', NULL, 4),
(68, 'Bse General Sciences', NULL, 4),
(69, 'Bse Mathematics', NULL, 4),
(70, 'Bse Physical Sciences', NULL, 4),
(71, 'Bse Physics', NULL, 4),
(72, 'Bse Physics-Chemistry', NULL, 4),
(73, 'Bse Physics-Mathematics', NULL, 4),
(74, 'Bse Science', NULL, 4),
(75, 'Chemical Engineering Technology', NULL, 4),
(76, 'Doctor Of Veterinary Medicine', NULL, 4);

-- --------------------------------------------------------

--
-- Table structure for table `degree_types`
--

CREATE TABLE `degree_types` (
  `id` int(10) UNSIGNED NOT NULL,
  `academic_degree_id` int(10) UNSIGNED NOT NULL,
  `name` varchar(255) NOT NULL,
  `abbrev` varchar(50) NOT NULL
) ENGINE=InnoDB DEFAULT CHARSET=latin1;

--
-- Dumping data for table `degree_types`
--

INSERT INTO `degree_types` (`id`, `academic_degree_id`, `name`, `abbrev`) VALUES
(1, 4, 'Associate of Arts', 'AA'),
(2, 4, 'Associate of Science', 'AS'),
(3, 4, 'Associate of Applied Science', 'ASS'),
(4, 1, 'Bachelor of Arts', 'BA'),
(5, 1, 'Bachelor of Science', 'BS'),
(6, 1, 'Bachelor of Fine Arts', 'BFA'),
(7, 1, 'Bachelor of Applied Science', 'BAS'),
(8, 2, 'Master of Arts', 'MA'),
(9, 2, 'Master of Science', 'MS'),
(10, 2, 'Master of Business Administration', 'MBA'),
(11, 2, 'Master of Fine Arts', 'MFA'),
(12, 3, 'Doctor of Medicine', 'PhD'),
(13, 3, 'Juris Doctor', 'JD'),
(14, 3, 'Doctor of Medicine', 'MD'),
(15, 3, 'Doctor of Dental Surgery', 'DDS');

-- --------------------------------------------------------

--
-- Table structure for table `school`
--

CREATE TABLE `school` (
  `id` int(11) NOT NULL,
  `type` varchar(100) NOT NULL,
  `level` int(11) NOT NULL,
  `name` varchar(255) NOT NULL,
  `shortName` varchar(20) DEFAULT NULL,
  `entryDate` timestamp NOT NULL DEFAULT CURRENT_TIMESTAMP ON UPDATE CURRENT_TIMESTAMP,
  `region` varchar(100) DEFAULT NULL
) ENGINE=MyISAM DEFAULT CHARSET=latin1;

--
-- Dumping data for table `school`
--

INSERT INTO `school` (`id`, `type`, `level`, `name`, `shortName`, `entryDate`, `region`) VALUES
(1, '', 3, 'Colegio De Dagupan', NULL, '2018-10-29 19:47:37', '1'),
(2, '', 3, 'Data Center Of The Philippines-Laoag City', NULL, '2018-10-29 19:47:37', '1'),
(3, '', 3, 'Divine Word College Of Laoag', NULL, '2018-10-29 19:47:37', '1'),
(4, '', 3, 'Don Mariano Marcos Memorial State University-Mluc', NULL, '2018-10-29 19:47:37', '1'),
(5, '', 3, 'Don Mariano Marcos Memorial State University-Nluc', NULL, '2018-10-29 19:47:37', '1'),
(6, '', 3, 'Don Mariano Marcos Memorial State University-Sluc', NULL, '2018-10-29 19:47:37', '1'),
(7, '', 3, 'Ilocos Sur Polytechnic State College-Cervantes', NULL, '2018-10-29 19:47:37', '1'),
(8, '', 3, 'Ilocos Sur Polytechnic State College-Narvacan', NULL, '2018-10-29 19:47:37', '1'),
(9, '', 3, 'Ilocos Sur Polytechnic State College-Santa Maria', NULL, '2018-10-29 19:47:37', '1'),
(10, '', 3, 'Ilocos Sur Polytechnic State College-Tagudin', NULL, '2018-10-29 19:47:37', '1'),
(11, '', 3, 'Lorma Colleges', NULL, '2018-10-29 19:47:37', '1'),
(12, '', 3, 'Mariano Marcos State University', NULL, '2018-10-29 19:47:37', '1'),
(13, '', 3, 'Mariano Marcos State University-Batac City', NULL, '2018-10-29 19:47:37', '1'),
(14, '', 3, 'Mariano Marcos State University-Casat', NULL, '2018-10-29 19:47:37', '1'),
(15, '', 3, 'Mariano Marcos State University-Cte', NULL, '2018-10-29 19:47:37', '1'),
(16, '', 3, 'Mariano Marcos State University-Currimao', NULL, '2018-10-29 19:47:37', '1'),
(17, '', 3, 'Mariano Marcos State University-Laoag City', NULL, '2018-10-29 19:47:37', '1'),
(18, '', 3, 'North Luzon Philippine State College', NULL, '2018-10-29 19:47:37', '1'),
(19, '', 3, 'Northwestern University', NULL, '2018-10-29 19:47:37', '1'),
(20, '', 3, 'Pangasinan State University-Alaminos City', NULL, '2018-10-29 19:47:37', '1'),
(21, '', 3, 'Pangasinan State University-Asingan', NULL, '2018-10-29 19:47:37', '1'),
(22, '', 3, 'Pangasinan State University-Bayambang', NULL, '2018-10-29 19:47:37', '1'),
(23, '', 3, 'Pangasinan State University-Binmaley', NULL, '2018-10-29 19:47:37', '1'),
(24, '', 3, 'Pangasinan State University-Lingayen', NULL, '2018-10-29 19:47:37', '1'),
(25, '', 3, 'Pangasinan State University-San Carlos City', NULL, '2018-10-29 19:47:37', '1'),
(26, '', 3, 'Pangasinan State University-Santa Maria', NULL, '2018-10-29 19:47:37', '1'),
(27, '', 3, 'Pangasinan State University-Urdaneta City', NULL, '2018-10-29 19:47:37', '1'),
(28, '', 3, 'Panpacific University North Philippines', NULL, '2018-10-29 19:47:37', '1'),
(29, '', 3, 'Saint Louis College Of San Fernando', NULL, '2018-10-29 19:47:37', '1'),
(30, '', 3, 'University Of Northern Philippines', NULL, '2018-10-29 19:47:37', '1'),
(31, '', 3, 'Urdaneta City University', NULL, '2018-10-29 19:47:37', '1'),
(32, '', 3, 'Don Mariano Marcos Memorial State University – Open University ', NULL, '2018-10-29 19:47:37', '1'),
(33, '', 3, 'Ilocos Sur Polytechnic State College', NULL, '2018-10-29 19:47:37', '1'),
(34, '', 3, 'Ilocos Sur Polytechnic State College – Candon ', NULL, '2018-10-29 19:47:37', '1'),
(35, '', 3, 'Ilocos Sur Polytechnic State College-College Of Engineering And Technology-Santiago ', NULL, '2018-10-29 19:47:37', '1'),
(36, '', 3, 'Pangasinan State University-Infanta ', NULL, '2018-10-29 19:47:37', '1'),
(37, '', 3, 'Pangasinan State University-Open University ', NULL, '2018-10-29 19:47:37', '1'),
(38, '', 3, 'Batanes State College', NULL, '2018-10-29 19:47:37', '2'),
(39, '', 3, 'Cagayan State University-Andrews', NULL, '2018-10-29 19:47:37', '2'),
(40, '', 3, 'Cagayan State University-Aparri', NULL, '2018-10-29 19:47:37', '2'),
(41, '', 3, 'Cagayan State University – Gonzaga Campus', NULL, '2018-10-29 19:47:37', '2'),
(42, '', 3, 'Cagayan State University – Lal-Lo Campus', NULL, '2018-10-29 19:47:37', '2'),
(43, '', 3, 'Cagayan State University-Carig', NULL, '2018-10-29 19:47:37', '2'),
(44, '', 3, 'Cagayan State University-Caritan', NULL, '2018-10-29 19:47:37', '2'),
(45, '', 3, 'Cagayan State University-Piat', NULL, '2018-10-29 19:47:37', '2'),
(46, '', 3, 'Cagayan State University-Sanchez Mira', NULL, '2018-10-29 19:47:37', '2'),
(47, '', 3, 'Isabela State University-Cauayan', NULL, '2018-10-29 19:47:37', '2'),
(48, '', 3, 'Isabela State University-Echague', NULL, '2018-10-29 19:47:37', '2'),
(49, '', 3, 'Nueva Vizcaya State University-Bambang', NULL, '2018-10-29 19:47:37', '2'),
(50, '', 3, 'Nueva Vizcaya State University-Bayombong', NULL, '2018-10-29 19:47:37', '2'),
(51, '', 3, 'Philippine Normal University-Isabela', NULL, '2018-10-29 19:47:37', '2'),
(52, '', 3, 'Philippine Normal University-North Luzon', NULL, '2018-10-29 19:47:37', '2'),
(53, '', 3, 'Quirino State University', NULL, '2018-10-29 19:47:37', '2'),
(54, '', 3, 'Saint Mary`S University', NULL, '2018-10-29 19:47:37', '2'),
(55, '', 3, 'Saint Mary`S University-Bayombong', NULL, '2018-10-29 19:47:37', '2'),
(56, '', 3, 'Saint Paul University Philippines-Tuguegarao', NULL, '2018-10-29 19:47:37', '2'),
(57, '', 3, 'University Of Saint Louis', NULL, '2018-10-29 19:47:37', '2'),
(58, '', 3, 'Isabela State University – Angadanan Campus', NULL, '2018-10-29 19:47:37', '2'),
(59, '', 3, 'Isabela State University – Cabagan Campus', NULL, '2018-10-29 19:47:37', '2'),
(60, '', 3, 'Isabela State University-Ilagan Campus ', NULL, '2018-10-29 19:47:37', '2'),
(61, '', 3, 'Isabela State University-Jones Campus', NULL, '2018-10-29 19:47:37', '2'),
(62, '', 3, 'Isabela State University-Palanan Campus ', NULL, '2018-10-29 19:47:37', '2'),
(63, '', 3, 'Isabela State University-Roxas Campus ', NULL, '2018-10-29 19:47:37', '2'),
(64, '', 3, 'Isabela State University-San Mariano Campus ', NULL, '2018-10-29 19:47:37', '2'),
(65, '', 3, 'Isabela State University-San Mateo Campus', NULL, '2018-10-29 19:47:37', '2'),
(66, '', 3, 'Quirino State University – Diffun Quirino', NULL, '2018-10-29 19:47:37', '2'),
(67, '', 3, 'Quirino State University – Cabarroguis ', NULL, '2018-10-29 19:47:37', '2'),
(68, '', 3, 'Quirino State University – Maddela', NULL, '2018-10-29 19:47:37', '2'),
(69, '', 3, 'Angeles University Foundation', NULL, '2018-10-29 19:47:37', '3'),
(70, '', 3, 'Aurora State College Of Technology-Bazal', NULL, '2018-10-29 19:47:37', '3'),
(71, '', 3, 'Aurora State College Of Techonolgy-Casiguran', NULL, '2018-10-29 19:47:37', '3'),
(72, '', 3, 'Aurora State College Of Technology', NULL, '2018-10-29 19:47:37', '3'),
(73, '', 3, 'Bataan Heroes Memorial College', NULL, '2018-10-29 19:47:37', '3'),
(74, '', 3, 'Bataan Peninsula State University', NULL, '2018-10-29 19:47:37', '3'),
(75, '', 3, 'Bataan Peninsula State University-Abucay', NULL, '2018-10-29 19:47:37', '3'),
(76, '', 3, 'Bataan Peninsula State University-Balanga', NULL, '2018-10-29 19:47:37', '3'),
(77, '', 3, 'Bataan Peninsula State University – Bagac', NULL, '2018-10-29 19:47:37', '3'),
(78, '', 3, 'Bataan Peninsula State University – Dinalupihan', NULL, '2018-10-29 19:47:37', '3'),
(79, '', 3, 'Bataan Peninsula State University – Orani', NULL, '2018-10-29 19:47:37', '3'),
(80, '', 3, 'Bulacan Agricultural State College', NULL, '2018-10-29 19:47:37', '3'),
(81, '', 3, 'Bulacan Agricultural State College – Doña Remedios Trinidad', NULL, '2018-10-29 19:47:37', '3'),
(82, '', 3, 'Bulacan State University', NULL, '2018-10-29 19:47:37', '3'),
(83, '', 3, 'Bulacan State University-Bustos', NULL, '2018-10-29 19:47:37', '3'),
(84, '', 3, 'Bulacan State University-Hagonoy', NULL, '2018-10-29 19:47:37', '3'),
(85, '', 3, 'Bulacan State University-Malolos City', NULL, '2018-10-29 19:47:37', '3'),
(86, '', 3, 'Bulacan State University-Meneses', NULL, '2018-10-29 19:47:37', '3'),
(87, '', 3, 'Bulacan State University-Sarmiento', NULL, '2018-10-29 19:47:37', '3'),
(88, '', 3, 'Bulacan State University – San Jose Del Monte', NULL, '2018-10-29 19:47:37', '3'),
(89, '', 3, 'Bulacan State University-Sc', NULL, '2018-10-29 19:47:37', '3'),
(90, '', 3, 'Central Luzon State University', NULL, '2018-10-29 19:47:37', '3'),
(91, '', 3, 'Colegio De San Gabriel Arcangel', NULL, '2018-10-29 19:47:37', '3'),
(92, '', 3, 'Colegio De San Juan De Letran-Bataan', NULL, '2018-10-29 19:47:37', '3'),
(93, '', 3, 'Don Honorio Ventura Technological State University', NULL, '2018-10-29 19:47:37', '3'),
(94, '', 3, 'Holy Angel University', NULL, '2018-10-29 19:47:37', '3'),
(95, '', 3, 'Limay Polytechnic College', NULL, '2018-10-29 19:47:37', '3'),
(96, '', 3, 'Microcity College Of Business And Technology-Bataan', NULL, '2018-10-29 19:47:37', '3'),
(97, '', 3, 'Microcity Computer College Foundation Inc.', NULL, '2018-10-29 19:47:37', '3'),
(98, '', 3, 'Nueva Ecija University Of Science And Technology', NULL, '2018-10-29 19:47:37', '3'),
(99, '', 3, 'Our Lady Of Fatima University-Pampanga', NULL, '2018-10-29 19:47:37', '3'),
(100, '', 3, 'Pampanga State Agricultural University', NULL, '2018-10-29 19:47:37', '3'),
(101, '', 3, 'Polytechnic College Of The City Of Meycauayan', NULL, '2018-10-29 19:47:37', '3'),
(102, '', 3, 'Polytechnic University Of The Philippines-Mariveles', NULL, '2018-10-29 19:47:37', '3'),
(103, '', 3, 'Polytechnic University Of The Philippines-Sta. Maria', NULL, '2018-10-29 19:47:37', '3'),
(104, '', 3, 'Ramon Magsaysay Technological University', NULL, '2018-10-29 19:47:37', '3'),
(105, '', 3, 'Tarlac Agricultural University', NULL, '2018-10-29 19:47:37', '3'),
(106, '', 3, 'Tarlac State University', NULL, '2018-10-29 19:47:37', '3'),
(107, '', 3, 'Tomas Del Rosario College', NULL, '2018-10-29 19:47:37', '3'),
(108, '', 3, 'University Of The Assumption', NULL, '2018-10-29 19:47:37', '3'),
(109, '', 3, 'Don Honorio Ventura Technological State University – Mexico ', NULL, '2018-10-29 19:47:37', '3'),
(110, '', 3, 'Don Honorio Ventura Technological State University – Porac ', NULL, '2018-10-29 19:47:37', '3'),
(111, '', 3, 'Don Honorio Ventura Technological State University – Sto.Thomas ', NULL, '2018-10-29 19:47:37', '3'),
(112, '', 3, 'Nueva Ecija University Of Science And Technology – Atate', NULL, '2018-10-29 19:47:37', '3'),
(113, '', 3, 'Nueva Ecija University Of Science And Technology – Carranglan', NULL, '2018-10-29 19:47:37', '3'),
(114, '', 3, 'Nueva Ecija University Of Science And Technology-Fort Magsaysay ', NULL, '2018-10-29 19:47:37', '3'),
(115, '', 3, 'Nueva Ecija University Of Science And Technology – Gen. Tinio Campus', NULL, '2018-10-29 19:47:37', '3'),
(116, '', 3, 'Nueva Ecija University Of Science And Technology-Gapan City Campus ', NULL, '2018-10-29 19:47:37', '3'),
(117, '', 3, 'Nueva Ecija University Of Science And Technology-Peñaflorida ', NULL, '2018-10-29 19:47:37', '3'),
(118, '', 3, 'Nueva Ecija University Of Science And Technology-San Isidro ', NULL, '2018-10-29 19:47:37', '3'),
(119, '', 3, 'Nueva Ecija University Of Science And Technology-San Leonardo ', NULL, '2018-10-29 19:47:37', '3'),
(120, '', 3, 'Nueva Ecija University Of Science And Technology-Santiago Campus ', NULL, '2018-10-29 19:47:37', '3'),
(121, '', 3, 'Nueva Ecija University Of Science And Technology-Sebani Estate Agricultural College ', NULL, '2018-10-29 19:47:37', '3'),
(122, '', 3, 'Nueva Ecija University Of Science And Technology-Sumacab ', NULL, '2018-10-29 19:47:37', '3'),
(123, '', 3, 'Nueva Ecija University Of Science And Technology-Talavera', NULL, '2018-10-29 19:47:37', '3'),
(124, '', 3, 'Ramon Magsaysay Technological University – Botolan', NULL, '2018-10-29 19:47:37', '3'),
(125, '', 3, 'Ramon Magsaysay Technological University-Candelaria ', NULL, '2018-10-29 19:47:37', '3'),
(126, '', 3, 'Ramon Magsaysay Technological University-Castillejos ', NULL, '2018-10-29 19:47:37', '3'),
(127, '', 3, 'Ramon Magsaysay Technological University-Masinloc ', NULL, '2018-10-29 19:47:37', '3'),
(128, '', 3, 'Ramon Magsaysay Technological University-Ramon Magsaysay Polytechnic College ', NULL, '2018-10-29 19:47:37', '3'),
(129, '', 3, 'Ramon Magsaysay Technological University – San Marcelino', NULL, '2018-10-29 19:47:37', '3'),
(130, '', 3, 'Ramon Magsaysay Technological University-Sta. Cruz ', NULL, '2018-10-29 19:47:37', '3'),
(131, '', 3, 'Ramon Magsaysay Technological University-Western Luzon Agricultural College', NULL, '2018-10-29 19:47:37', '3'),
(132, '', 3, 'Tarlac State University – San Isidro Campus', NULL, '2018-10-29 19:47:37', '3'),
(133, '', 3, 'Ateneo De Naga University', NULL, '2018-10-29 19:47:37', '5'),
(134, '', 3, 'Bicol State College Of Applied Sciences And Technology-Naga City', NULL, '2018-10-29 19:47:37', '5'),
(135, '', 3, 'Bicol State College Of Applied Sciences And Technology-Penafrancia', NULL, '2018-10-29 19:47:37', '5'),
(136, '', 3, 'Bicol University', NULL, '2018-10-29 19:47:37', '5'),
(137, '', 3, 'Bicol University-Daraga', NULL, '2018-10-29 19:47:37', '5'),
(138, '', 3, 'Bicol University-Gubat', NULL, '2018-10-29 19:47:37', '5'),
(139, '', 3, 'Bicol University-Guinobatan', NULL, '2018-10-29 19:47:37', '5'),
(140, '', 3, 'Bicol University-Legazpi City', NULL, '2018-10-29 19:47:37', '5'),
(141, '', 3, 'Bicol University-Main', NULL, '2018-10-29 19:47:37', '5'),
(142, '', 3, 'Bicol University-Polangui', NULL, '2018-10-29 19:47:37', '5'),
(143, '', 3, 'Bicol University-Tabaco', NULL, '2018-10-29 19:47:37', '5'),
(144, '', 3, 'Camarines Norte State College', NULL, '2018-10-29 19:47:37', '5'),
(145, '', 3, 'Camarines Norte State College-Entienza Campus', NULL, '2018-10-29 19:47:37', '5'),
(146, '', 3, 'Camarines Norte State College – Mercedes Campus', NULL, '2018-10-29 19:47:37', '5'),
(147, '', 3, 'Camarines Norte State College – Panganiban Campus', NULL, '2018-10-29 19:47:37', '5'),
(148, '', 3, 'Camarines Norte State College-Daet', NULL, '2018-10-29 19:47:37', '5'),
(149, '', 3, 'Camarines Norte State College-Labo', NULL, '2018-10-29 19:47:37', '5'),
(150, '', 3, 'Camarines Sur Polytechnic Colleges-Nabua', NULL, '2018-10-29 19:47:37', '5'),
(151, '', 3, 'Camarines Sur Polytechnic Colleges-Naga City', NULL, '2018-10-29 19:47:37', '5'),
(152, '', 3, 'Catanduanes State College', NULL, '2018-10-29 19:47:37', '5'),
(153, '', 3, 'Catanduanes State University – Panganiban', NULL, '2018-10-29 19:47:37', '5'),
(154, '', 3, 'Catanduanes State University', NULL, '2018-10-29 19:47:37', '5'),
(155, '', 3, 'Central Bicol State University Of Agriculture-Calabanga', NULL, '2018-10-29 19:47:37', '5'),
(156, '', 3, 'Central Bicol State University Of Agriculture-Pasacao', NULL, '2018-10-29 19:47:37', '5'),
(157, '', 3, 'Central Bicol State University Of Agriculture-Pili', NULL, '2018-10-29 19:47:37', '5'),
(158, '', 3, 'Dr. Carlos S. Lanting College', NULL, '2018-10-29 19:47:37', '5'),
(159, '', 3, 'Dr. Emilio B. Espinosa Sr. Memorial State College Of Agriculture And Technology', NULL, '2018-10-29 19:47:37', '5'),
(160, '', 3, 'Mabini College', NULL, '2018-10-29 19:47:37', '5'),
(161, '', 3, 'Our Lady Of Lourdes College Foundation-Daet', NULL, '2018-10-29 19:47:37', '5'),
(162, '', 3, 'Partido State University', NULL, '2018-10-29 19:47:37', '5'),
(163, '', 3, 'Sorsogon State College-Bulan', NULL, '2018-10-29 19:47:37', '5'),
(164, '', 3, 'Sorsogon State College-Sorsogon City', NULL, '2018-10-29 19:47:37', '5'),
(165, '', 3, 'The Lewis College', NULL, '2018-10-29 19:47:37', '5'),
(166, '', 3, 'Universidad De Santa Isabel-Naga', NULL, '2018-10-29 19:47:37', '5'),
(167, '', 3, 'University Of Nueva Caceres', NULL, '2018-10-29 19:47:37', '5'),
(168, '', 3, 'University Of Saint Anthony-Iriga City', NULL, '2018-10-29 19:47:37', '5'),
(169, '', 3, 'University Of Santo Tomas-Legazpi City', NULL, '2018-10-29 19:47:37', '5'),
(170, '', 3, 'Central Bicol State University Of Agriculture – Sipocot', NULL, '2018-10-29 19:47:37', '5'),
(171, '', 3, 'Partido State University-Caramoan Campus', NULL, '2018-10-29 19:47:37', '5'),
(172, '', 3, 'Partido State University-Lagonoy Campus ', NULL, '2018-10-29 19:47:37', '5'),
(173, '', 3, 'Partido State University-Sagñay Campus', NULL, '2018-10-29 19:47:37', '5'),
(174, '', 3, 'Partido State University-Salogon Campus ', NULL, '2018-10-29 19:47:37', '5'),
(175, '', 3, 'Partido State University-San Jose Campus ', NULL, '2018-10-29 19:47:37', '5'),
(176, '', 3, 'Partido State University-Tinambac Campus', NULL, '2018-10-29 19:47:37', '5'),
(177, '', 3, 'Sorsogon State College – Castilla Campus', NULL, '2018-10-29 19:47:37', '5'),
(178, '', 3, 'Sorsogon State College – Magallanes Campus ', NULL, '2018-10-29 19:47:37', '5'),
(179, '', 3, 'Sorsogon State College-Institute Of Management And Information Technology ', NULL, '2018-10-29 19:47:37', '5'),
(180, '', 3, 'Sorsogon State College – Main', NULL, '2018-10-29 19:47:37', '5'),
(181, '', 3, 'Aklan State University', NULL, '2018-10-29 19:47:37', '6'),
(182, '', 3, 'Aklan State University-Banga', NULL, '2018-10-29 19:47:37', '6'),
(183, '', 3, 'Aklan State University-Kalibo', NULL, '2018-10-29 19:47:37', '6'),
(184, '', 3, 'Capiz State University-Bailan', NULL, '2018-10-29 19:47:37', '6'),
(185, '', 3, 'Capiz State University-Burias', NULL, '2018-10-29 19:47:37', '6'),
(186, '', 3, 'Capiz State University-Dayao', NULL, '2018-10-29 19:47:37', '6'),
(187, '', 3, 'Capiz State University-Pontevedra', NULL, '2018-10-29 19:47:37', '6'),
(188, '', 3, 'Capiz State University-Roxas City', NULL, '2018-10-29 19:47:37', '6'),
(189, '', 3, 'Capiz State University-Dumarao Campus', NULL, '2018-10-29 19:47:37', '6'),
(190, '', 3, 'Capiz State University-Pilar Campus', NULL, '2018-10-29 19:47:37', '6'),
(191, '', 3, 'Capiz State University-Poblacion Mambusao', NULL, '2018-10-29 19:47:37', '6'),
(192, '', 3, 'Capiz State University-Sapian Campus', NULL, '2018-10-29 19:47:37', '6'),
(193, '', 3, 'Capiz State University-Sigma Campus', NULL, '2018-10-29 19:47:37', '6'),
(194, '', 3, 'Capiz State University-Tapaz Campus', NULL, '2018-10-29 19:47:37', '6'),
(195, '', 3, 'Capiz State University-Main', NULL, '2018-10-29 19:47:37', '6'),
(196, '', 3, 'Carlos Hilado Memorial State College-Alijis', NULL, '2018-10-29 19:47:37', '6'),
(197, '', 3, 'Carlos Hilado Memorial State College-Binalbagan', NULL, '2018-10-29 19:47:37', '6'),
(198, '', 3, 'Carlos Hilado Memorial State College-Talisay', NULL, '2018-10-29 19:47:37', '6'),
(199, '', 3, 'Central Philippine State University', NULL, '2018-10-29 19:47:37', '6'),
(200, '', 3, 'Central Philippine State University-Kabankalan City', NULL, '2018-10-29 19:47:37', '6'),
(201, '', 3, 'Central Philippine State University – San Carlos Campus', NULL, '2018-10-29 19:47:37', '6'),
(202, '', 3, 'Central Philippine State University – Victorias City Campus ', NULL, '2018-10-29 19:47:37', '6'),
(203, '', 3, 'Central Philippine State University-Candoni', NULL, '2018-10-29 19:47:37', '6'),
(204, '', 3, 'Central Philippine State University-Cauayan Campus ', NULL, '2018-10-29 19:47:37', '6'),
(205, '', 3, 'Central Philippine State University-Hinigaran Campus ', NULL, '2018-10-29 19:47:37', '6'),
(206, '', 3, 'Central Philippine State University-Hinoba-An Campus ', NULL, '2018-10-29 19:47:37', '6'),
(207, '', 3, 'Central Philippine State University-Ilog Campus ', NULL, '2018-10-29 19:47:37', '6'),
(208, '', 3, 'Central Philippine State University-Moises Padilla Campus ', NULL, '2018-10-29 19:47:37', '6'),
(209, '', 3, 'Central Philippine State University-Sipalay Campus', NULL, '2018-10-29 19:47:37', '6'),
(210, '', 3, 'Central Philippine University', NULL, '2018-10-29 19:47:37', '6'),
(211, '', 3, 'Carlos Hilado Memorial State College-Bacolod Campus', NULL, '2018-10-29 19:47:37', '6'),
(212, '', 3, 'Guimaras State College', NULL, '2018-10-29 19:47:37', '6'),
(213, '', 3, 'Guimaras State College-Buenavista', NULL, '2018-10-29 19:47:37', '6'),
(214, '', 3, 'Iloilo Science And Technology University', NULL, '2018-10-29 19:47:37', '6'),
(215, '', 3, 'Iloilo Science And Technology University-Miag-Ao', NULL, '2018-10-29 19:47:37', '6'),
(216, '', 3, 'Iloilo State College Of Fisheries-Barotac Nuevo', NULL, '2018-10-29 19:47:37', '6'),
(217, '', 3, 'Iloilo State College Of Fisheries-Dingle', NULL, '2018-10-29 19:47:37', '6'),
(218, '', 3, 'Iloilo State College Of Fisheries-Dumangas', NULL, '2018-10-29 19:47:37', '6'),
(219, '', 3, 'Iloilo State College Of Fisheries-Tiwi', NULL, '2018-10-29 19:47:37', '6'),
(220, '', 3, 'Northern Iloilo Polytechnic State College', NULL, '2018-10-29 19:47:37', '6'),
(221, '', 3, 'Philippine Normal University-Cadiz', NULL, '2018-10-29 19:47:37', '6'),
(222, '', 3, 'Philippine Normal University-Visayas', NULL, '2018-10-29 19:47:37', '6'),
(223, '', 3, 'Southern Iloilo Polytechnic College', NULL, '2018-10-29 19:47:37', '6'),
(224, '', 3, 'Technological University Of The Philippines-Visayas', NULL, '2018-10-29 19:47:37', '6'),
(225, '', 3, 'University Of Antique', NULL, '2018-10-29 19:47:37', '6'),
(226, '', 3, 'University Of Antique-Hamtic', NULL, '2018-10-29 19:47:37', '6'),
(227, '', 3, 'University Of Antique-Sibalom', NULL, '2018-10-29 19:47:37', '6'),
(228, '', 3, 'University Of Antique-Tibiao', NULL, '2018-10-29 19:47:37', '6'),
(229, '', 3, 'University Of Negros Occidental-Recoletos', NULL, '2018-10-29 19:47:37', '6'),
(230, '', 3, 'University Of Saint La Salle', NULL, '2018-10-29 19:47:37', '6'),
(231, '', 3, 'University Of San Agustin', NULL, '2018-10-29 19:47:37', '6'),
(232, '', 3, 'University Of The Philippines-Iloilo', NULL, '2018-10-29 19:47:37', '6'),
(233, '', 3, 'West Visayas State University-Calinog', NULL, '2018-10-29 19:47:37', '6'),
(234, '', 3, 'West Visayas State University-Iloilo City', NULL, '2018-10-29 19:47:37', '6'),
(235, '', 3, 'West Visayas State University-Pototan', NULL, '2018-10-29 19:47:37', '6'),
(236, '', 3, 'Guimaras State College-Baterna Campus', NULL, '2018-10-29 19:47:37', '6'),
(237, '', 3, 'Guimaras State College – Mosqueda Campus', NULL, '2018-10-29 19:47:37', '6'),
(238, '', 3, 'Iloilo Science And Technology University – Leon Campus', NULL, '2018-10-29 19:47:37', '6'),
(239, '', 3, 'Iloilo Science And Technology University – Barotac Nuevo Campus', NULL, '2018-10-29 19:47:37', '6'),
(240, '', 3, 'Iloilo Science And Technology University – Dumangas Campus ', NULL, '2018-10-29 19:47:37', '6'),
(241, '', 3, 'Iloilo State College Of Fisheries-San Enrique Campus', NULL, '2018-10-29 19:47:37', '6'),
(242, '', 3, 'Iloilo State College Of Fisheries – Main', NULL, '2018-10-29 19:47:37', '6'),
(243, '', 3, 'Northern Iloilo Polytechnic State College – Ajuy Campus', NULL, '2018-10-29 19:47:37', '6'),
(244, '', 3, 'Northern Iloilo Polytechnic State College – Barotac Viejo Campus ', NULL, '2018-10-29 19:47:37', '6'),
(245, '', 3, 'Northern Iloilo Polytechnic State College – Batad Campus ', NULL, '2018-10-29 19:47:37', '6'),
(246, '', 3, 'Northern Iloilo Polytechnic State College – Concepcion Campus', NULL, '2018-10-29 19:47:37', '6'),
(247, '', 3, 'Northern Iloilo Polytechnic State College – Lemery Campus', NULL, '2018-10-29 19:47:37', '6'),
(248, '', 3, 'Northern Iloilo Polytechnic State College-Sara Campus', NULL, '2018-10-29 19:47:37', '6'),
(249, '', 3, '\"West Visayas State University-College Of Agriculture And Forestry', NULL, '2018-10-29 19:47:37', '6'),
(250, '', 3, 'West Visayas State University-Himamaylan Campus Extension ', NULL, '2018-10-29 19:47:37', '6'),
(251, '', 3, 'West Visayas State University – Janiuay Campus', NULL, '2018-10-29 19:47:37', '6'),
(252, '', 3, 'West Visayas State University – Lambunao Campus', NULL, '2018-10-29 19:47:37', '6'),
(253, '', 3, 'West Visayas State University – Main Campus', NULL, '2018-10-29 19:47:37', '6'),
(254, '', 3, 'Asian College Dumaguete', NULL, '2018-10-29 19:47:37', '7'),
(255, '', 3, 'Asian College Of Science And Technology-Dumaguete City', NULL, '2018-10-29 19:47:37', '7'),
(256, '', 3, 'Asian College Of Technology', NULL, '2018-10-29 19:47:37', '7'),
(257, '', 3, 'Bohol Island State University-Balilihan', NULL, '2018-10-29 19:47:37', '7'),
(258, '', 3, 'Bohol Island State University-Bilar', NULL, '2018-10-29 19:47:37', '7'),
(259, '', 3, 'Bohol Island State University-Calape', NULL, '2018-10-29 19:47:37', '7'),
(260, '', 3, 'Bohol Island State University-Candijay', NULL, '2018-10-29 19:47:37', '7'),
(261, '', 3, 'Bohol Island State University-Clarin', NULL, '2018-10-29 19:47:37', '7'),
(262, '', 3, 'Bohol Island State University-Tagbilaran City', NULL, '2018-10-29 19:47:37', '7'),
(263, '', 3, 'Bohol Wisdom School', NULL, '2018-10-29 19:47:37', '7'),
(264, '', 3, 'Cebu Eastern College', NULL, '2018-10-29 19:47:37', '7'),
(265, '', 3, 'Cebu Institute Of Technology-University', NULL, '2018-10-29 19:47:37', '7'),
(266, '', 3, 'Cebu Normal University', NULL, '2018-10-29 19:47:37', '7'),
(267, '', 3, 'Cebu Normal University – Medellin', NULL, '2018-10-29 19:47:37', '7'),
(268, '', 3, 'Cebu Normal University – Balamban ', NULL, '2018-10-29 19:47:37', '7'),
(269, '', 3, 'Cebu Technological University', NULL, '2018-10-29 19:47:37', '7'),
(270, '', 3, 'Cebu Technological University-Bantayan', NULL, '2018-10-29 19:47:37', '7'),
(271, '', 3, 'Cebu Technological University-Barili', NULL, '2018-10-29 19:47:37', '7'),
(272, '', 3, 'Cebu Technological University-Carmen', NULL, '2018-10-29 19:47:37', '7'),
(273, '', 3, 'Cebu Technological University-Cebu City', NULL, '2018-10-29 19:47:37', '7'),
(274, '', 3, 'Cebu Technological University-Daanbantayan', NULL, '2018-10-29 19:47:37', '7'),
(275, '', 3, 'Cebu Technological University-Danao City', NULL, '2018-10-29 19:47:37', '7'),
(276, '', 3, 'Cebu Technological University-San Francisco', NULL, '2018-10-29 19:47:37', '7'),
(277, '', 3, 'Cebu Technological University – Moalboal ', NULL, '2018-10-29 19:47:37', '7'),
(278, '', 3, 'Cebu Technological University-Tuburan', NULL, '2018-10-29 19:47:37', '7'),
(279, '', 3, 'Consolacion Community College', NULL, '2018-10-29 19:47:37', '7'),
(280, '', 3, 'Cristal E-College', NULL, '2018-10-29 19:47:37', '7'),
(281, '', 3, 'Foundation University', NULL, '2018-10-29 19:47:37', '7'),
(282, '', 3, 'Holy Name University', NULL, '2018-10-29 19:47:37', '7'),
(283, '', 3, 'Mater Dei College', NULL, '2018-10-29 19:47:37', '7'),
(284, '', 3, 'Maxino College-Dumaguete', NULL, '2018-10-29 19:47:37', '7'),
(285, '', 3, 'Negros Oriental State University', NULL, '2018-10-29 19:47:37', '7'),
(286, '', 3, 'Negros Oriental State University-Bais City', NULL, '2018-10-29 19:47:37', '7'),
(287, '', 3, 'Negros Oriental State University – Bais Ii', NULL, '2018-10-29 19:47:37', '7'),
(288, '', 3, 'Negros Oriental State University-Bayawan', NULL, '2018-10-29 19:47:37', '7'),
(289, '', 3, 'Negros Oriental State University-Dumaguete City', NULL, '2018-10-29 19:47:37', '7'),
(290, '', 3, 'Negros Oriental State University-Guihulngan', NULL, '2018-10-29 19:47:37', '7'),
(291, '', 3, 'Negros Oriental State University-Main', NULL, '2018-10-29 19:47:37', '7'),
(292, '', 3, 'Negros Oriental State University-Pamplona', NULL, '2018-10-29 19:47:37', '7'),
(293, '', 3, 'Negros Oriental State University-Siaton', NULL, '2018-10-29 19:47:37', '7'),
(294, '', 3, 'Saint Paul University-Dumaguete City', NULL, '2018-10-29 19:47:37', '7'),
(295, '', 3, 'Silliman University', NULL, '2018-10-29 19:47:37', '7'),
(296, '', 3, 'Siquijor State College', NULL, '2018-10-29 19:47:37', '7'),
(297, '', 3, 'St. Theresa\'S College-Cebu', NULL, '2018-10-29 19:47:37', '7'),
(298, '', 3, 'Systems Technology Institute-Bohol', NULL, '2018-10-29 19:47:37', '7'),
(299, '', 3, 'University Of Bohol', NULL, '2018-10-29 19:47:37', '7'),
(300, '', 3, 'University Of Cebu', NULL, '2018-10-29 19:47:37', '7'),
(301, '', 3, 'University Of San Carlos', NULL, '2018-10-29 19:47:37', '7'),
(302, '', 3, 'University Of San Jose-Recoletos', NULL, '2018-10-29 19:47:37', '7'),
(303, '', 3, 'University Of The Philippines-Cebu', NULL, '2018-10-29 19:47:37', '7'),
(304, '', 3, 'Velez College', NULL, '2018-10-29 19:47:37', '7'),
(305, '', 3, 'Negros Oriental State University – Mabinay ', NULL, '2018-10-29 19:47:37', '7'),
(306, '', 3, 'Northern Negros State College Of Science And Technology – Main Campus', NULL, '2018-10-29 19:47:37', '7'),
(307, '', 3, 'Northern Negros State College Of Science And Technology – Cadiz Campus', NULL, '2018-10-29 19:47:37', '7'),
(308, '', 3, 'Northern Negros State College Of Science And Technology – Calatrava Campus', NULL, '2018-10-29 19:47:37', '7'),
(309, '', 3, 'Northern Negros State College Of Science And Technology – Escalante Campus', NULL, '2018-10-29 19:47:37', '7'),
(310, '', 3, 'Ama Computer College-Tacloban City', NULL, '2018-10-29 19:47:37', '8'),
(311, '', 3, 'Ama Computer Learning Center-Tacloban', NULL, '2018-10-29 19:47:37', '8'),
(312, '', 3, 'Dona Remedios Trinidad Romualdez Medical Foundation', NULL, '2018-10-29 19:47:37', '8'),
(313, '', 3, 'Eastern Samar State University-Borongan', NULL, '2018-10-29 19:47:37', '8'),
(314, '', 3, 'Eastern Samar State University-Can-Avid', NULL, '2018-10-29 19:47:37', '8'),
(315, '', 3, 'Eastern Samar State University-Salcedo', NULL, '2018-10-29 19:47:37', '8'),
(316, '', 3, 'Eastern Visayas State University', NULL, '2018-10-29 19:47:37', '8'),
(317, '', 3, 'Eastern Visayas State University-Ormoc City', NULL, '2018-10-29 19:47:37', '8'),
(318, '', 3, 'Eastern Visayas State University-Tacloban City', NULL, '2018-10-29 19:47:37', '8'),
(319, '', 3, 'Eastern Visayas State University-Tanauan', NULL, '2018-10-29 19:47:37', '8'),
(320, '', 3, 'Leyte Normal University', NULL, '2018-10-29 19:47:37', '8'),
(321, '', 3, 'Leyte Normal University-Tacloban', NULL, '2018-10-29 19:47:37', '8'),
(322, '', 3, 'Naval State University-Biliran', NULL, '2018-10-29 19:47:37', '8'),
(323, '', 3, 'Naval State University – Main', NULL, '2018-10-29 19:47:37', '8'),
(324, '', 3, 'Northern Samar State University', NULL, '2018-10-29 19:47:37', '8'),
(325, '', 3, 'Northwest Samar State University-Calbayog', NULL, '2018-10-29 19:47:37', '8'),
(326, '', 3, 'Palompon Institute Of Technology', NULL, '2018-10-29 19:47:37', '8'),
(327, '', 3, 'Remedios Trinidad Romualdez Medical Foundation', NULL, '2018-10-29 19:47:37', '8'),
(328, '', 3, 'Saint Joseph College', NULL, '2018-10-29 19:47:37', '8'),
(329, '', 3, 'Samar State University-Catbalogan', NULL, '2018-10-29 19:47:37', '8'),
(330, '', 3, 'Southern Leyte State University-Hinunangan', NULL, '2018-10-29 19:47:37', '8'),
(331, '', 3, 'Southern Leyte State University-San Juan', NULL, '2018-10-29 19:47:37', '8'),
(332, '', 3, 'Southern Leyte State University-Sogod', NULL, '2018-10-29 19:47:37', '8'),
(333, '', 3, 'Southern Leyte State University-Tomas Oppus', NULL, '2018-10-29 19:47:37', '8'),
(334, '', 3, 'University Of Eastern Philippines-Catarman', NULL, '2018-10-29 19:47:37', '8'),
(335, '', 3, 'University Of Eastern Philippines-Catubig', NULL, '2018-10-29 19:47:37', '8'),
(336, '', 3, 'University Of Eastern Philippines-Laoang', NULL, '2018-10-29 19:47:37', '8'),
(337, '', 3, 'University Of The Philippines-Tacloban', NULL, '2018-10-29 19:47:37', '8'),
(338, '', 3, 'Visayas State University', NULL, '2018-10-29 19:47:37', '8'),
(339, '', 3, 'Visayas State University-Alangalang', NULL, '2018-10-29 19:47:37', '8'),
(340, '', 3, 'Visayas State University-Baybay', NULL, '2018-10-29 19:47:37', '8'),
(341, '', 3, 'Visayas State University-Isabel', NULL, '2018-10-29 19:47:37', '8'),
(342, '', 3, 'Visayas State University-Tolosa', NULL, '2018-10-29 19:47:37', '8'),
(343, '', 3, 'Visayas State University-Villaba', NULL, '2018-10-29 19:47:37', '8'),
(344, '', 3, 'Western Leyte College', NULL, '2018-10-29 19:47:37', '8'),
(345, '', 3, 'Eastern Samar State University – Main', NULL, '2018-10-29 19:47:37', '8'),
(346, '', 3, 'Eastern Samar State University-Guiuan Campus ', NULL, '2018-10-29 19:47:37', '8'),
(347, '', 3, 'Eastern Samar State University-Maydolong Campus ', NULL, '2018-10-29 19:47:37', '8'),
(348, '', 3, 'Eastern Visayas State University – Burauen', NULL, '2018-10-29 19:47:37', '8'),
(349, '', 3, 'Eastern Visayas State University – Carigara', NULL, '2018-10-29 19:47:37', '8'),
(350, '', 3, 'Northwest Samar State University – San Jorge', NULL, '2018-10-29 19:47:37', '8'),
(351, '', 3, 'Palompon Institute Of Technology – Tabango', NULL, '2018-10-29 19:47:37', '8'),
(352, '', 3, 'Samar State University – Basey', NULL, '2018-10-29 19:47:37', '8'),
(353, '', 3, 'Samar State University – Mercedes', NULL, '2018-10-29 19:47:37', '8'),
(354, '', 3, 'Samar State University – Paranas', NULL, '2018-10-29 19:47:37', '8'),
(355, '', 3, 'Southern Leyte State University – Bontoc Campus ', NULL, '2018-10-29 19:47:37', '8'),
(356, '', 3, 'Visayas State University-Open University ', NULL, '2018-10-29 19:47:37', '8'),
(357, '', 3, 'Andres Bonifacio College', NULL, '2018-10-29 19:47:37', '9'),
(358, '', 3, 'Ateneo De Zamboanga University', NULL, '2018-10-29 19:47:37', '9'),
(359, '', 3, 'Basilan State College', NULL, '2018-10-29 19:47:37', '9'),
(360, '', 3, 'Basilan State College – Lamitan City', NULL, '2018-10-29 19:47:37', '9'),
(361, '', 3, 'Basilan State College – Maluso', NULL, '2018-10-29 19:47:37', '9'),
(362, '', 3, 'Basilan State College – Sta. Clara', NULL, '2018-10-29 19:47:37', '9'),
(363, '', 3, 'Basilan State College – Tipo-Tipo', NULL, '2018-10-29 19:47:37', '9'),
(364, '', 3, '\"Dipolog Medical Center College Foundation', NULL, '2018-10-29 19:47:37', '9'),
(365, '', 3, 'Jose Rizal Memorial State University', NULL, '2018-10-29 19:47:37', '9'),
(366, '', 3, 'Jose Rizal Memorial State University-Dapitan City', NULL, '2018-10-29 19:47:37', '9'),
(367, '', 3, 'Jose Rizal Memorial State University-Tampilisan', NULL, '2018-10-29 19:47:37', '9'),
(368, '', 3, 'Mindanao State University-Buug', NULL, '2018-10-29 19:47:37', '9'),
(369, '', 3, 'Saint Columban College', NULL, '2018-10-29 19:47:37', '9'),
(370, '', 3, 'Saint Vincent`S College', NULL, '2018-10-29 19:47:37', '9'),
(371, '', 3, 'Universidad De Zamboanga', NULL, '2018-10-29 19:47:37', '9'),
(372, '', 3, 'Western Mindanao State University', NULL, '2018-10-29 19:47:37', '9'),
(373, '', 3, 'Zamboanga City State Polytechnic College', NULL, '2018-10-29 19:47:37', '9'),
(374, '', 3, 'Jh Cerilles State College - Aurora Annex', NULL, '2018-10-29 19:47:37', '9'),
(375, '', 3, 'Jh Cerilles State College - Molave Annex', NULL, '2018-10-29 19:47:37', '9'),
(376, '', 3, 'Jh Cerilles State College – Main ', NULL, '2018-10-29 19:47:37', '9'),
(377, '', 3, 'Jh Cerilles State College – Bayog', NULL, '2018-10-29 19:47:37', '9'),
(378, '', 3, 'Jh Cerilles State College – Dimataling', NULL, '2018-10-29 19:47:37', '9'),
(379, '', 3, 'Jh Cerilles State College – Dumingag', NULL, '2018-10-29 19:47:37', '9'),
(380, '', 3, 'Jh Cerilles State College – Guipos ', NULL, '2018-10-29 19:47:37', '9'),
(381, '', 3, 'Jh Cerilles State College – Josefina', NULL, '2018-10-29 19:47:37', '9'),
(382, '', 3, 'Jh Cerilles State College – Kumalarang', NULL, '2018-10-29 19:47:37', '9'),
(383, '', 3, 'Jh Cerilles State College – Lapuyan ', NULL, '2018-10-29 19:47:37', '9'),
(384, '', 3, 'Jh Cerilles State College – Mahayag', NULL, '2018-10-29 19:47:37', '9'),
(385, '', 3, 'Jh Cerilles State College – Margosatubig ', NULL, '2018-10-29 19:47:37', '9'),
(386, '', 3, 'Jh Cerilles State College – Midsalip', NULL, '2018-10-29 19:47:37', '9'),
(387, '', 3, 'Jh Cerilles State College – Pagadian', NULL, '2018-10-29 19:47:37', '9'),
(388, '', 3, 'Jh Cerilles State College – Ramon Magsaysay', NULL, '2018-10-29 19:47:37', '9'),
(389, '', 3, 'Jh Cerilles State College – San Pablo', NULL, '2018-10-29 19:47:37', '9'),
(390, '', 3, 'Jh Cerilles State College – Sominot', NULL, '2018-10-29 19:47:37', '9'),
(391, '', 3, 'Jh Cerilles State College – Tabina', NULL, '2018-10-29 19:47:37', '9'),
(392, '', 3, 'Jh Cerilles State College – Tambulig', NULL, '2018-10-29 19:47:37', '9'),
(393, '', 3, 'Jh Cerilles State College – Tigbao ', NULL, '2018-10-29 19:47:37', '9'),
(394, '', 3, 'Jh Cerilles State College – Tukuran ', NULL, '2018-10-29 19:47:37', '9'),
(395, '', 3, 'Jh Cerilles State College – Vincenzo Sagun', NULL, '2018-10-29 19:47:37', '9'),
(396, '', 3, 'Jh Cerilles State College – Canuto M.S. Enerio', NULL, '2018-10-29 19:47:37', '9'),
(397, '', 3, 'Jose Rizal Memorial State University – Dipolog Campus', NULL, '2018-10-29 19:47:37', '9'),
(398, '', 3, 'Jose Rizal Memorial State University – Katipunan Campus', NULL, '2018-10-29 19:47:37', '9'),
(399, '', 3, 'Jose Rizal Memorial State University – Sibuku External Studies Unit', NULL, '2018-10-29 19:47:37', '9'),
(400, '', 3, 'Jose Rizal Memorial State University – Siocon ', NULL, '2018-10-29 19:47:37', '9'),
(401, '', 3, 'Western Mindanao State University – Alicia External Studies Unit', NULL, '2018-10-29 19:47:37', '9'),
(402, '', 3, 'Western Mindanao State University – Aurora', NULL, '2018-10-29 19:47:37', '9'),
(403, '', 3, 'Western Mindanao State University – Curuan', NULL, '2018-10-29 19:47:37', '9'),
(404, '', 3, 'Western Mindanao State University – Diplahan ', NULL, '2018-10-29 19:47:37', '9'),
(405, '', 3, 'Western Mindanao State University – Imelda', NULL, '2018-10-29 19:47:37', '9'),
(406, '', 3, 'Western Mindanao State University – Ipil', NULL, '2018-10-29 19:47:37', '9'),
(407, '', 3, 'Western Mindanao State University – Mabuhay', NULL, '2018-10-29 19:47:37', '9'),
(408, '', 3, 'Western Mindanao State University – Malangas', NULL, '2018-10-29 19:47:37', '9'),
(409, '', 3, 'Western Mindanao State University – Molave ', NULL, '2018-10-29 19:47:37', '9'),
(410, '', 3, 'Western Mindanao State University – Naga ', NULL, '2018-10-29 19:47:37', '9'),
(411, '', 3, 'Western Mindanao State University – Olutanga', NULL, '2018-10-29 19:47:37', '9'),
(412, '', 3, 'Western Mindanao State University – Pagadian', NULL, '2018-10-29 19:47:37', '9'),
(413, '', 3, 'Western Mindanao State University – Pitogo', NULL, '2018-10-29 19:47:37', '9'),
(414, '', 3, 'Western Mindanao State University – Siay', NULL, '2018-10-29 19:47:37', '9'),
(415, '', 3, 'Western Mindanao State University – Tungawan', NULL, '2018-10-29 19:47:37', '9'),
(416, '', 3, 'Zamboanga City State Polytechnic College Extension Program At Kabasalan Institute Of Technology', NULL, '2018-10-29 19:47:37', '9'),
(417, '', 3, 'Zamboanga City State Polytechnic College Extension Program At Ayala Technical Vocational', NULL, '2018-10-29 19:47:37', '9'),
(418, '', 3, 'Zamboanga City State Polytechnic College Extension Program At Vitali Technical Vocational', NULL, '2018-10-29 19:47:37', '9'),
(419, '', 3, 'Bukidnon State University', NULL, '2018-10-29 19:47:37', '10'),
(420, '', 3, 'Bukidnon State University-Alubijid Esc', NULL, '2018-10-29 19:47:37', '10'),
(421, '', 3, 'Bukidnon State University-Baungon Bsu', NULL, '2018-10-29 19:47:37', '10'),
(422, '', 3, 'Bukidnon State University-Compostela Esc', NULL, '2018-10-29 19:47:37', '10'),
(423, '', 3, 'Bukidnon State University-Gingoog Esc', NULL, '2018-10-29 19:47:37', '10'),
(424, '', 3, 'Bukidnon State University-Iligan Esc', NULL, '2018-10-29 19:47:37', '10'),
(425, '', 3, 'Bukidnon State University-Kadingilan', NULL, '2018-10-29 19:47:37', '10'),
(426, '', 3, 'Bukidnon State University-Kalilangan Bsu', NULL, '2018-10-29 19:47:37', '10'),
(427, '', 3, 'Bukidnon State University-Kinoguitan Esc', NULL, '2018-10-29 19:47:37', '10'),
(428, '', 3, 'Bukidnon State University-Libertad Esc', NULL, '2018-10-29 19:47:37', '10'),
(429, '', 3, 'Bukidnon State University-Libona', NULL, '2018-10-29 19:47:37', '10'),
(430, '', 3, 'Bukidnon State University-Magsaysay Esc', NULL, '2018-10-29 19:47:37', '10'),
(431, '', 3, 'Bukidnon State University-Malitbog', NULL, '2018-10-29 19:47:37', '10'),
(432, '', 3, 'Bukidnon State University-Manticao Esc', NULL, '2018-10-29 19:47:37', '10'),
(433, '', 3, 'Bukidnon State University-Maragusan Esc', NULL, '2018-10-29 19:47:37', '10'),
(434, '', 3, 'Bukidnon State University-Medina Esc', NULL, '2018-10-29 19:47:37', '10'),
(435, '', 3, 'Bukidnon State University-Mogchs Esc', NULL, '2018-10-29 19:47:37', '10'),
(436, '', 3, 'Bukidnon State University-Moncayo Esc', NULL, '2018-10-29 19:47:37', '10'),
(437, '', 3, 'Bukidnon State University-Montevista Esc', NULL, '2018-10-29 19:47:37', '10'),
(438, '', 3, 'Bukidnon State University-New Bataan Esc', NULL, '2018-10-29 19:47:37', '10'),
(439, '', 3, 'Bukidnon State University-Salay Esc', NULL, '2018-10-29 19:47:37', '10'),
(440, '', 3, 'Bukidnon State University-Sto. Tomas Esc', NULL, '2018-10-29 19:47:37', '10'),
(441, '', 3, 'Bukidnon State University-Sugbongcogon Esc', NULL, '2018-10-29 19:47:37', '10'),
(442, '', 3, 'Bukidnon State University-Talakag Bsu', NULL, '2018-10-29 19:47:37', '10'),
(443, '', 3, 'Bukidnon State University-Talisayan Esc', NULL, '2018-10-29 19:47:37', '10'),
(444, '', 3, 'Cagayan De Oro College', NULL, '2018-10-29 19:47:37', '10'),
(445, '', 3, 'Capitol University', NULL, '2018-10-29 19:47:37', '10'),
(446, '', 3, 'Central Mindanao University', NULL, '2018-10-29 19:47:37', '10'),
(447, '', 3, 'Fatima College Of Camiguin', NULL, '2018-10-29 19:47:37', '10'),
(448, '', 3, 'Davao Oriental State College Of Science And Technology – Cateel Extension', NULL, '2018-10-29 19:47:37', '10'),
(449, '', 3, 'Liceo De Cagayan University', NULL, '2018-10-29 19:47:37', '10'),
(450, '', 3, 'Mindanao State University-Iit', NULL, '2018-10-29 19:47:37', '10'),
(451, '', 3, 'Misamis Oriental State College Of Agriculture And Technology', NULL, '2018-10-29 19:47:37', '10'),
(452, '', 3, 'University Of Science And Technology Of Southern Philippines', NULL, '2018-10-29 19:47:37', '10'),
(453, '', 3, 'Xavier University', NULL, '2018-10-29 19:47:37', '10'),
(454, '', 3, 'Mindanao State University-Buug College ', NULL, '2018-10-29 19:47:37', '10'),
(455, '', 3, 'Mindanao State University-General Santos ', NULL, '2018-10-29 19:47:37', '10'),
(456, '', 3, 'Mindanao State University-Iligan Institute Of Technology-Maigo School Of Arts And Trades ', NULL, '2018-10-29 19:47:37', '10'),
(457, '', 3, 'Mindanao State University-Lanao Del Norte Agricultural College ', NULL, '2018-10-29 19:47:37', '10'),
(458, '', 3, 'Mindanao State University-Lanao National College Of Arts And Trades ', NULL, '2018-10-29 19:47:37', '10'),
(459, '', 3, 'Mindanao State University-Maguindanao ', NULL, '2018-10-29 19:47:37', '10'),
(460, '', 3, 'Mindanao State University-Main Campus Marawi City ', NULL, '2018-10-29 19:47:37', '10'),
(461, '', 3, 'Mindanao State University – Naawan', NULL, '2018-10-29 19:47:37', '10'),
(462, '', 3, 'Mindanao State University-Sulu Development Technical College ', NULL, '2018-10-29 19:47:37', '10'),
(463, '', 3, 'Mindanao State University-Tawi-Tawi College Of Technology And Oceanography', NULL, '2018-10-29 19:47:37', '10'),
(464, '', 3, 'Mindanao University Of Science And Technology', NULL, '2018-10-29 19:47:37', '10'),
(465, '', 3, 'Mindanao University Of Science And Technology – Jasaan ', NULL, '2018-10-29 19:47:37', '10'),
(466, '', 3, 'Mindanao University Of Science And Technology – Oroquieta City', NULL, '2018-10-29 19:47:37', '10'),
(467, '', 3, 'Mindanao University Of Science And Technology-Panaon ', NULL, '2018-10-29 19:47:37', '10'),
(468, '', 3, 'Ama Computer College-Davao', NULL, '2018-10-29 19:47:37', '11'),
(469, '', 3, '\"Arriesgado College Foundation', NULL, '2018-10-29 19:47:37', '11'),
(470, '', 3, 'Ateneo De Davao University', NULL, '2018-10-29 19:47:37', '11'),
(471, '', 3, 'Compostela Valley State College', NULL, '2018-10-29 19:47:37', '11'),
(472, '', 3, 'Cor Jesus College', NULL, '2018-10-29 19:47:37', '11'),
(473, '', 3, 'Davao Del Norte State College', NULL, '2018-10-29 19:47:37', '11'),
(474, '', 3, 'Davao Oriental State College Of Science And Technology', NULL, '2018-10-29 19:47:37', '11'),
(475, '', 3, 'Davao Oriental State College Of Science And Technology – Banaybanay', NULL, '2018-10-29 19:47:37', '11'),
(476, '', 3, 'Davao Oriental State College Of Science And Technology – San Isidro', NULL, '2018-10-29 19:47:37', '11'),
(477, '', 3, 'Davao Oriental State College Of Science And Technology – Cateel Extension', NULL, '2018-10-29 19:47:37', '11'),
(478, '', 3, 'Governor Generoso College Of Arts Sciences And Technology', NULL, '2018-10-29 19:47:37', '11'),
(479, '', 3, 'Kolehiyo Ng Pantukan', NULL, '2018-10-29 19:47:37', '11'),
(480, '', 3, 'Mats College Of Technology', NULL, '2018-10-29 19:47:37', '11'),
(481, '', 3, 'Saint John Paul Ii College Of Davao', NULL, '2018-10-29 19:47:37', '11'),
(482, '', 3, 'Systems Technology Institute-Davao', NULL, '2018-10-29 19:47:37', '11'),
(483, '', 3, 'University Of Immaculate Conception', NULL, '2018-10-29 19:47:37', '11'),
(484, '', 3, 'University Of Mindanao', NULL, '2018-10-29 19:47:37', '11'),
(485, '', 3, 'University Of Mindanao-Digos', NULL, '2018-10-29 19:47:37', '11'),
(486, '', 3, 'University Of Mindanao-Tagum', NULL, '2018-10-29 19:47:37', '11'),
(487, '', 3, 'University Of Southeastern Philippines-Obrero', NULL, '2018-10-29 19:47:37', '11'),
(488, '', 3, 'University Of Southeastern Philippines-Tagum', NULL, '2018-10-29 19:47:37', '11'),
(489, '', 3, 'University Of The Immaculate Conception', NULL, '2018-10-29 19:47:37', '11'),
(490, '', 3, 'University Of The Philippines-Mindanao', NULL, '2018-10-29 19:47:37', '11'),
(491, '', 3, 'Southern Philippines Agri-Business And Marine And Aquatic School Of Technology – Digos', NULL, '2018-10-29 19:47:37', '11'),
(492, '', 3, 'Southern Philippines Agri-Business And Marine And Aquatic School Of Technology – Malita', NULL, '2018-10-29 19:47:37', '11'),
(493, '', 3, 'Mindanao State University-General Santos City', NULL, '2018-10-29 19:47:37', '12'),
(494, '', 3, 'Notre Dame Of Dadiangas City', NULL, '2018-10-29 19:47:37', '12'),
(495, '', 3, 'Notre Dame Of Marbel University', NULL, '2018-10-29 19:47:37', '12'),
(496, '', 3, 'Notre Dame University', NULL, '2018-10-29 19:47:37', '12'),
(497, '', 3, 'Ramon Magsaysay Memorial Colleges-General Santos City', NULL, '2018-10-29 19:47:37', '12'),
(498, '', 3, 'South East Asian Institute Of Technology', NULL, '2018-10-29 19:47:37', '12'),
(499, '', 3, 'Southern Christian College', NULL, '2018-10-29 19:47:37', '12'),
(500, '', 3, 'Sultan Kudarat State University', NULL, '2018-10-29 19:47:37', '12'),
(501, '', 3, 'Systems Technology Institute-Koronadal', NULL, '2018-10-29 19:47:37', '12'),
(502, '', 3, 'University Of Southern Mindanao', NULL, '2018-10-29 19:47:37', '12'),
(503, '', 3, 'University Of Southern Mindanao-Kabacan', NULL, '2018-10-29 19:47:37', '12'),
(504, '', 3, 'University Of Southern Mindanao-Kidapawan', NULL, '2018-10-29 19:47:37', '12'),
(505, '', 3, 'Cotabato Foundation College Of Science And Technology', NULL, '2018-10-29 19:47:37', '12'),
(506, '', 3, 'Cotabato Foundation College Of Science And Technology – Antipas', NULL, '2018-10-29 19:47:37', '12'),
(507, '', 3, 'Cotabato Foundation College Of Science And Technology-Datu Montawal', NULL, '2018-10-29 19:47:37', '12'),
(508, '', 3, 'Cotabato Foundation College Of Science And Technology – Katipunan', NULL, '2018-10-29 19:47:37', '12'),
(509, '', 3, 'Cotabato Foundation College Of Science And Technology – Pikit', NULL, '2018-10-29 19:47:37', '12'),
(510, '', 3, 'Sultan Kudarat State University – Bagumbayan ', NULL, '2018-10-29 19:47:37', '12'),
(511, '', 3, 'Sultan Kudarat State University – Glan Campus', NULL, '2018-10-29 19:47:37', '12'),
(512, '', 3, 'Sultan Kudarat State University – Isulan Campus', NULL, '2018-10-29 19:47:37', '12'),
(513, '', 3, 'Sultan Kudarat State University – Kalamansig Campus', NULL, '2018-10-29 19:47:37', '12'),
(514, '', 3, 'Sultan Kudarat State University – Lutayan Campus', NULL, '2018-10-29 19:47:37', '12'),
(515, '', 3, 'Sultan Kudarat State University – Palimbang Campus', NULL, '2018-10-29 19:47:37', '12'),
(516, '', 3, 'Sultan Kudarat State University – Sna Campus', NULL, '2018-10-29 19:47:37', '12'),
(517, '', 3, 'Sultan Kudarat State University – Sunas Campus', NULL, '2018-10-29 19:47:37', '12'),
(518, '', 3, 'Sultan Kudarat State University – Tacurong Campus', NULL, '2018-10-29 19:47:37', '12'),
(519, '', 3, 'Ama Computer College-Santa Cruz', NULL, '2018-10-29 19:47:37', '4A'),
(520, '', 3, 'Batangas State University-Alangilan', NULL, '2018-10-29 19:47:37', '4A'),
(521, '', 3, 'Batangas State University-Balayan', NULL, '2018-10-29 19:47:37', '4A'),
(522, '', 3, 'Batangas State University-Batangas City', NULL, '2018-10-29 19:47:37', '4A'),
(523, '', 3, 'Batangas State University-Lipa City', NULL, '2018-10-29 19:47:37', '4A'),
(524, '', 3, 'Batangas State University-Main', NULL, '2018-10-29 19:47:37', '4A'),
(525, '', 3, 'Batangas State University-Malvar', NULL, '2018-10-29 19:47:37', '4A'),
(526, '', 3, 'Batangas State University-Nasugbu', NULL, '2018-10-29 19:47:37', '4A'),
(527, '', 3, 'Batangas State University – San Juan', NULL, '2018-10-29 19:47:37', '4A'),
(528, '', 3, 'Batangas State University – Lobo', NULL, '2018-10-29 19:47:37', '4A'),
(529, '', 3, 'Batangas State University-Rosario', NULL, '2018-10-29 19:47:37', '4A'),
(530, '', 3, 'Cavite State University-Bacoor', NULL, '2018-10-29 19:47:37', '4A'),
(531, '', 3, 'Cavite State University-Carmona', NULL, '2018-10-29 19:47:37', '4A'),
(532, '', 3, 'Cavite State University-Imus', NULL, '2018-10-29 19:47:37', '4A'),
(533, '', 3, 'Cavite State University-Indang', NULL, '2018-10-29 19:47:37', '4A'),
(534, '', 3, 'Cavite State University – General Trias Campus', NULL, '2018-10-29 19:47:37', '4A'),
(535, '', 3, 'Cavite State University – Cavite City ', NULL, '2018-10-29 19:47:37', '4A'),
(536, '', 3, 'Cavite State University – Silang Campus ', NULL, '2018-10-29 19:47:37', '4A'),
(537, '', 3, 'Cavite State University – Tanza Campus ', NULL, '2018-10-29 19:47:37', '4A'),
(538, '', 3, 'Cavite State University – Trece Martires City', NULL, '2018-10-29 19:47:37', '4A'),
(539, '', 3, 'Cavite State University-Naic', NULL, '2018-10-29 19:47:37', '4A'),
(540, '', 3, 'Cavite State University-Rosario', NULL, '2018-10-29 19:47:37', '4A'),
(541, '', 3, 'Christian College Of Tanauan', NULL, '2018-10-29 19:47:37', '4A'),
(542, '', 3, 'De La Salle University-Dasmarinas', NULL, '2018-10-29 19:47:37', '4A'),
(543, '', 3, 'De La Salle University-Lipa City', NULL, '2018-10-29 19:47:37', '4A'),
(544, '', 3, 'First Asia Institute Of Technology Humanity', NULL, '2018-10-29 19:47:37', '4A'),
(545, '', 3, 'Laguna State Polytechnic University-Los Banos', NULL, '2018-10-29 19:47:37', '4A'),
(546, '', 3, 'Laguna State Polytechnic University-Nagcarlan', NULL, '2018-10-29 19:47:37', '4A'),
(547, '', 3, 'Laguna State Polytechnic University-San Pablo City', NULL, '2018-10-29 19:47:37', '4A'),
(548, '', 3, 'Laguna State Polytechnic University-Santa Cruz', NULL, '2018-10-29 19:47:37', '4A'),
(549, '', 3, 'Laguna State Polytechnic University-Siniloan', NULL, '2018-10-29 19:47:37', '4A'),
(550, '', 3, 'Laguna State Polytechnic University-Sta. Cruz', NULL, '2018-10-29 19:47:37', '4A'),
(551, '', 3, 'Laguna University', NULL, '2018-10-29 19:47:37', '4A'),
(552, '', 3, 'Lyceum Of The Philippines University-Calamba', NULL, '2018-10-29 19:47:37', '4A'),
(553, '', 3, 'Lyceum Of The Philippines University-Cavite', NULL, '2018-10-29 19:47:37', '4A');
INSERT INTO `school` (`id`, `type`, `level`, `name`, `shortName`, `entryDate`, `region`) VALUES
(554, '', 3, 'Lyceum Of The Philippines University-Laguna', NULL, '2018-10-29 19:47:37', '4A'),
(555, '', 3, 'Malayan Colleges Laguna', NULL, '2018-10-29 19:47:37', '4A'),
(556, '', 3, 'Mindanao State University-Marawi', NULL, '2018-10-29 19:47:37', '4A'),
(557, '', 3, 'Polytechnic University Of The Philippines-Batangas', NULL, '2018-10-29 19:47:37', '4A'),
(558, '', 3, 'Polytechnic University Of The Philippines-Binan City', NULL, '2018-10-29 19:47:37', '4A'),
(559, '', 3, 'Polytechnic University Of The Philippines-Cavite', NULL, '2018-10-29 19:47:37', '4A'),
(560, '', 3, 'Polytechnic University Of The Philippines-Quezon', NULL, '2018-10-29 19:47:37', '4A'),
(561, '', 3, 'Polytechnic University Of The Philippines-San Pedro City', NULL, '2018-10-29 19:47:37', '4A'),
(562, '', 3, 'Polytechnic University Of The Philippines-Santa Rosa City', NULL, '2018-10-29 19:47:37', '4A'),
(563, '', 3, 'San Pedro College Of Business Administration', NULL, '2018-10-29 19:47:37', '4A'),
(564, '', 3, 'Southern Luzon State University', NULL, '2018-10-29 19:47:37', '4A'),
(565, '', 3, 'Southern Luzon State University-Lucban', NULL, '2018-10-29 19:47:37', '4A'),
(566, '', 3, 'Systems Technology Institute College-Tanauan City', NULL, '2018-10-29 19:47:37', '4A'),
(567, '', 3, 'Technological University Of The Philippines-Cavite', NULL, '2018-10-29 19:47:37', '4A'),
(568, '', 3, 'University Of Batangas', NULL, '2018-10-29 19:47:37', '4A'),
(569, '', 3, 'University Of Perpetual Help-Binan City', NULL, '2018-10-29 19:47:37', '4A'),
(570, '', 3, 'University Of Rizal System-Antipolo', NULL, '2018-10-29 19:47:37', '4A'),
(571, '', 3, 'University Of Rizal System-Binangonan', NULL, '2018-10-29 19:47:37', '4A'),
(572, '', 3, 'University Of Rizal System-Cainta', NULL, '2018-10-29 19:47:37', '4A'),
(573, '', 3, 'University Of Rizal System-Morong', NULL, '2018-10-29 19:47:37', '4A'),
(574, '', 3, 'University Of Rizal System-Rodriguez', NULL, '2018-10-29 19:47:37', '4A'),
(575, '', 3, 'University Of Rizal System-Tanay', NULL, '2018-10-29 19:47:37', '4A'),
(576, '', 3, 'University Of The Philippines-Los Banos', NULL, '2018-10-29 19:47:37', '4A'),
(577, '', 3, 'Southern Luzon State University – Catanauan ', NULL, '2018-10-29 19:47:37', '4A'),
(578, '', 3, 'Southern Luzon State University – Judge Guillermo Eleazar Polytechnic College – Tagkawayan', NULL, '2018-10-29 19:47:37', '4A'),
(579, '', 3, 'Southern Luzon State University – Alabat', NULL, '2018-10-29 19:47:37', '4A'),
(580, '', 3, 'Southern Luzon State University – Gumaca Campus', NULL, '2018-10-29 19:47:37', '4A'),
(581, '', 3, 'Southern Luzon State University – Infanta', NULL, '2018-10-29 19:47:37', '4A'),
(582, '', 3, 'Southern Luzon State University – Lucena', NULL, '2018-10-29 19:47:37', '4A'),
(583, '', 3, 'Southern Luzon State University – Polilio ', NULL, '2018-10-29 19:47:37', '4A'),
(584, '', 3, 'Southern Luzon State University – Sampaloc', NULL, '2018-10-29 19:47:37', '4A'),
(585, '', 3, 'Southern Luzon State University – Tiaong', NULL, '2018-10-29 19:47:37', '4A'),
(586, '', 3, 'University Of Rizal System – Angono', NULL, '2018-10-29 19:47:37', '4A'),
(587, '', 3, 'University Of Rizal System – Cardona', NULL, '2018-10-29 19:47:37', '4A'),
(588, '', 3, 'University Of Rizal System – Pililia', NULL, '2018-10-29 19:47:37', '4A'),
(589, '', 3, 'University Of Rizal System – Taytay', NULL, '2018-10-29 19:47:37', '4A'),
(590, '', 3, 'Marinduque State College', NULL, '2018-10-29 19:47:37', '4B'),
(591, '', 3, 'Mindoro State College Of Agriculture And Technology-Bongabong', NULL, '2018-10-29 19:47:37', '4B'),
(592, '', 3, 'Mindoro State College Of Agriculture And Technology-Calapan City', NULL, '2018-10-29 19:47:37', '4B'),
(593, '', 3, 'Mindoro State College Of Agriculture And Technology-Victoria', NULL, '2018-10-29 19:47:37', '4B'),
(594, '', 3, 'Occidental Mindoro State University', NULL, '2018-10-29 19:47:37', '4B'),
(595, '', 3, 'Oriental Mindoro State College', NULL, '2018-10-29 19:47:37', '4B'),
(596, '', 3, 'Palawan State University', NULL, '2018-10-29 19:47:37', '4B'),
(597, '', 3, 'Romblon State University', NULL, '2018-10-29 19:47:37', '4B'),
(598, '', 3, 'Western Philippines University', NULL, '2018-10-29 19:47:37', '4B'),
(599, '', 3, 'Marinduque State College – Gasan', NULL, '2018-10-29 19:47:37', '4B'),
(600, '', 3, 'Marinduque State College – Sta. Cruz', NULL, '2018-10-29 19:47:37', '4B'),
(601, '', 3, 'Marinduque State College – Torrijos', NULL, '2018-10-29 19:47:37', '4B'),
(602, '', 3, 'Occidental Mindoro State College – Sablayan ', NULL, '2018-10-29 19:47:37', '4B'),
(603, '', 3, 'Occidental Mindoro State College – Labangan ', NULL, '2018-10-29 19:47:37', '4B'),
(604, '', 3, 'Occidental Mindoro State College – Mamburao', NULL, '2018-10-29 19:47:37', '4B'),
(605, '', 3, 'Occidental Mindoro State College – Murtha', NULL, '2018-10-29 19:47:37', '4B'),
(606, '', 3, 'Palawan State University – San Vicente ', NULL, '2018-10-29 19:47:37', '4B'),
(607, '', 3, 'Palawan State University – Balabac ', NULL, '2018-10-29 19:47:37', '4B'),
(608, '', 3, 'Palawan State University – Brooke’S Point ', NULL, '2018-10-29 19:47:37', '4B'),
(609, '', 3, 'Palawan State University – Araceli ', NULL, '2018-10-29 19:47:37', '4B'),
(610, '', 3, 'Palawan State University – Bataraza ', NULL, '2018-10-29 19:47:37', '4B'),
(611, '', 3, 'Palawan State University – Coron ', NULL, '2018-10-29 19:47:37', '4B'),
(612, '', 3, 'Palawan State University – Cuyo ', NULL, '2018-10-29 19:47:37', '4B'),
(613, '', 3, 'Palawan State University – Dumaran ', NULL, '2018-10-29 19:47:37', '4B'),
(614, '', 3, 'Palawan State University – El Nido', NULL, '2018-10-29 19:47:37', '4B'),
(615, '', 3, 'Palawan State University – Linapacan', NULL, '2018-10-29 19:47:37', '4B'),
(616, '', 3, 'Palawan State University – Narra ', NULL, '2018-10-29 19:47:37', '4B'),
(617, '', 3, '\"Palawan State University-New Ibajay', NULL, '2018-10-29 19:47:37', '4B'),
(618, '', 3, 'Palawan State University – Quezon ', NULL, '2018-10-29 19:47:37', '4B'),
(619, '', 3, 'Palawan State University – Rizal', NULL, '2018-10-29 19:47:37', '4B'),
(620, '', 3, 'Palawan State University – Roxas', NULL, '2018-10-29 19:47:37', '4B'),
(621, '', 3, '\"Palawan State University – San Rafael', NULL, '2018-10-29 19:47:37', '4B'),
(622, '', 3, 'Palawan State University-Sofronio Española ', NULL, '2018-10-29 19:47:37', '4B'),
(623, '', 3, 'Palawan State University – Taytay', NULL, '2018-10-29 19:47:37', '4B'),
(624, '', 3, 'Romblon State University – Calatrava', NULL, '2018-10-29 19:47:37', '4B'),
(625, '', 3, 'Romblon State University – San Agustin', NULL, '2018-10-29 19:47:37', '4B'),
(626, '', 3, 'Romblon State University – San Andres', NULL, '2018-10-29 19:47:37', '4B'),
(627, '', 3, 'Romblon State University – San Jose', NULL, '2018-10-29 19:47:37', '4B'),
(628, '', 3, 'Romblon State University – Cajidiocan', NULL, '2018-10-29 19:47:37', '4B'),
(629, '', 3, 'Romblon State University – Sta. Fe', NULL, '2018-10-29 19:47:37', '4B'),
(630, '', 3, 'Romblon State University – Sta. Maria', NULL, '2018-10-29 19:47:37', '4B'),
(631, '', 3, 'Romblon State University – Sawang ', NULL, '2018-10-29 19:47:37', '4B'),
(632, '', 3, 'Romblon State University – Sibuyan Polytechnic College – San Fernando', NULL, '2018-10-29 19:47:37', '4B'),
(633, '', 3, 'Western Philippines University – Busuanga', NULL, '2018-10-29 19:47:37', '4B'),
(634, '', 3, 'Western Philippines University – Culion', NULL, '2018-10-29 19:47:37', '4B'),
(635, '', 3, 'Western Philippines University – El Nido ', NULL, '2018-10-29 19:47:37', '4B'),
(636, '', 3, 'Western Philippines University – Puerto Princesa', NULL, '2018-10-29 19:47:37', '4B'),
(637, '', 3, 'Western Philippines University – Quezon', NULL, '2018-10-29 19:47:37', '4B'),
(638, '', 3, 'Western Philippines University – Rio Tuba', NULL, '2018-10-29 19:47:37', '4B'),
(639, '', 3, 'Adiong Memorial Polytechnic State College', NULL, '2018-10-29 19:47:37', 'ARMM'),
(640, '', 3, 'Mindanao State University-Marawi City', NULL, '2018-10-29 19:47:37', 'ARMM'),
(641, '', 3, 'Mindanao State University-Tawi-Tawi', NULL, '2018-10-29 19:47:37', 'ARMM'),
(642, '', 3, 'Tawi-Tawi Regional Agricultural College', NULL, '2018-10-29 19:47:37', 'ARMM'),
(643, '', 3, 'Tawi-Tawi Regional Agricultural College – Languyan ', NULL, '2018-10-29 19:47:37', 'ARMM'),
(644, '', 3, 'Tawi-Tawi Regional Agricultural College – Sibutu ', NULL, '2018-10-29 19:47:37', 'ARMM'),
(645, '', 3, 'Tawi-Tawi Regional Agricultural College – Tawawakan ', NULL, '2018-10-29 19:47:37', 'ARMM'),
(646, '', 3, 'Tawi-Tawi Regional Agricultural College-Simunul', NULL, '2018-10-29 19:47:37', 'ARMM'),
(647, '', 3, 'Abra State Institute Of Science And Technology', NULL, '2018-10-29 19:47:37', 'CAR'),
(648, '', 3, 'Abra State Institute Of Science And Technology – Bangued', NULL, '2018-10-29 19:47:37', 'CAR'),
(649, '', 3, 'Abra State Institute Of Science And Technology – Lagangilang', NULL, '2018-10-29 19:47:37', 'CAR'),
(650, '', 3, 'Apayao State College-Main', NULL, '2018-10-29 19:47:37', 'CAR'),
(651, '', 3, 'Apayao State College-Luna', NULL, '2018-10-29 19:47:37', 'CAR'),
(652, '', 3, 'Benguet State University', NULL, '2018-10-29 19:47:37', 'CAR'),
(653, '', 3, 'Benguet State University – Bokod', NULL, '2018-10-29 19:47:37', 'CAR'),
(654, '', 3, 'Benguet State University – Open University', NULL, '2018-10-29 19:47:37', 'CAR'),
(655, '', 3, 'Benguet State University – Buguias', NULL, '2018-10-29 19:47:37', 'CAR'),
(656, '', 3, 'Ifugao State University', NULL, '2018-10-29 19:47:37', 'CAR'),
(657, '', 3, 'Kalinga State University', NULL, '2018-10-29 19:47:37', 'CAR'),
(658, '', 3, 'Kalinga-Apayao State College', NULL, '2018-10-29 19:47:37', 'CAR'),
(659, '', 3, 'Mt. Province State Polytechnic College-Tadian', NULL, '2018-10-29 19:47:37', 'CAR'),
(660, '', 3, 'Mt. Province State Polytechnic College', NULL, '2018-10-29 19:47:37', 'CAR'),
(661, '', 3, 'Saint Louis University', NULL, '2018-10-29 19:47:37', 'CAR'),
(662, '', 3, 'University Of Baguio', NULL, '2018-10-29 19:47:37', 'CAR'),
(663, '', 3, 'University Of The Cordilleras', NULL, '2018-10-29 19:47:37', 'CAR'),
(664, '', 3, 'University Of The Philippines-Baguio', NULL, '2018-10-29 19:47:37', 'CAR'),
(665, '', 3, 'Ifugao State University – Aguinaldo', NULL, '2018-10-29 19:47:37', 'CAR'),
(666, '', 3, 'Ifugao State University – Hapao ', NULL, '2018-10-29 19:47:37', 'CAR'),
(667, '', 3, 'Ifugao State University – Lagawe ', NULL, '2018-10-29 19:47:37', 'CAR'),
(668, '', 3, 'Ifugao State University – Potia ', NULL, '2018-10-29 19:47:37', 'CAR'),
(669, '', 3, 'Ifugao State University – Tinoc', NULL, '2018-10-29 19:47:37', 'CAR'),
(670, '', 3, 'Kalinga-Apayao State College - Dagupan', NULL, '2018-10-29 19:47:37', 'CAR'),
(671, '', 3, 'Kalinga-Apayao State College - Rizal', NULL, '2018-10-29 19:47:37', 'CAR'),
(672, '', 3, 'Agusan Del Sur State College Of Agriculture And Technology', NULL, '2018-10-29 19:47:37', 'CARAGA'),
(673, '', 3, 'Caraga State University-Butuan City', NULL, '2018-10-29 19:47:37', 'CARAGA'),
(674, '', 3, 'Caraga State University-Cabadbaran', NULL, '2018-10-29 19:47:37', 'CARAGA'),
(675, '', 3, 'Father Saturnino Urios University', NULL, '2018-10-29 19:47:37', 'CARAGA'),
(676, '', 3, 'Philippine Normal University-Mindanao', NULL, '2018-10-29 19:47:37', 'CARAGA'),
(677, '', 3, 'Saint Paul University-Surigao City', NULL, '2018-10-29 19:47:37', 'CARAGA'),
(678, '', 3, 'Surigao Del Sur State University-Cantilan', NULL, '2018-10-29 19:47:37', 'CARAGA'),
(679, '', 3, 'Surigao Del Sur State University-Lianga', NULL, '2018-10-29 19:47:37', 'CARAGA'),
(680, '', 3, 'Surigao Del Sur State University-Tandag City', NULL, '2018-10-29 19:47:37', 'CARAGA'),
(681, '', 3, 'Surigao State College Of Technology', NULL, '2018-10-29 19:47:37', 'CARAGA'),
(682, '', 3, 'University Of Southeastern Philippines-Bislig', NULL, '2018-10-29 19:47:37', 'CARAGA'),
(683, '', 3, 'Philippine Normal University-Agusan Campus', NULL, '2018-10-29 19:47:37', 'CARAGA'),
(684, '', 3, 'Philippine Normal University – Alicia ', NULL, '2018-10-29 19:47:37', 'CARAGA'),
(685, '', 3, 'Philippine Normal University – Cadiz', NULL, '2018-10-29 19:47:37', 'CARAGA'),
(686, '', 3, 'Philippine Normal University – Lopez ', NULL, '2018-10-29 19:47:37', 'CARAGA'),
(687, '', 3, 'Philippine Normal University', NULL, '2018-10-29 19:47:37', 'CARAGA'),
(688, '', 3, 'Surigao Del Sur State University – Main', NULL, '2018-10-29 19:47:37', 'CARAGA'),
(689, '', 3, 'Surigao Del Sur State University – San Miguel Campus', NULL, '2018-10-29 19:47:37', 'CARAGA'),
(690, '', 3, 'Surigao Del Sur State University-Tagbina', NULL, '2018-10-29 19:47:37', 'CARAGA'),
(691, '', 3, 'Surigao State College Of Technology – Mainitcampus', NULL, '2018-10-29 19:47:37', 'CARAGA'),
(692, '', 3, 'Surigao State College Of Technology – Del Carmen Campus', NULL, '2018-10-29 19:47:37', 'CARAGA'),
(693, '', 3, 'Surigao State College Of Technology – Malimono Campus', NULL, '2018-10-29 19:47:37', 'CARAGA'),
(694, '', 3, 'Eulogio “Amang” Rodriguez Institute Of Science And Technology', NULL, '2018-10-29 19:47:37', 'NCR'),
(695, '', 3, 'Eulogio “Amang” Rodriguez Institute Of Science And Technology-Cavite', NULL, '2018-10-29 19:47:37', 'NCR'),
(696, '', 3, 'Philippine State College Of Aeronautics-Fernando Air Base', NULL, '2018-10-29 19:47:37', 'NCR'),
(697, '', 3, 'Philippine State College Of Aeronautics – Mactan Air Base', NULL, '2018-10-29 19:47:37', 'NCR'),
(698, '', 3, 'Philippine State College Of Aeronautics-Main ', NULL, '2018-10-29 19:47:37', 'NCR'),
(699, '', 3, 'Philippine State College Of Aeronautics-Pampanga Extension', NULL, '2018-10-29 19:47:37', 'NCR'),
(700, '', 3, 'Polytechnic University Of The Philippines', NULL, '2018-10-29 19:47:37', 'NCR'),
(701, '', 3, 'Polytechnic University Of The Philippines – Alfonso ', NULL, '2018-10-29 19:47:37', 'NCR'),
(702, '', 3, 'Polytechnic University Of The Philippines – Biñan ', NULL, '2018-10-29 19:47:37', 'NCR'),
(703, '', 3, 'Polytechnic University Of The Philippines – Calauan ', NULL, '2018-10-29 19:47:37', 'NCR'),
(704, '', 3, 'Polytechnic University Of The Philippines – Gen. Luna-Quezon ', NULL, '2018-10-29 19:47:37', 'NCR'),
(705, '', 3, 'Polytechnic University Of The Philippines – Main (San Pedro) ', NULL, '2018-10-29 19:47:37', 'NCR'),
(706, '', 3, 'Polytechnic University Of The Philippines – Sablayan Campus ', NULL, '2018-10-29 19:47:37', 'NCR'),
(707, '', 3, 'Polytechnic University Of The Philippines – Sta. Rosa ', NULL, '2018-10-29 19:47:37', 'NCR'),
(708, '', 3, 'Polytechnic University Of The Philippines-Bansud ', NULL, '2018-10-29 19:47:37', 'NCR'),
(709, '', 3, 'Polytechnic University Of The Philippines-Cabiao ', NULL, '2018-10-29 19:47:37', 'NCR'),
(710, '', 3, 'Polytechnic University Of The Philippines-Commonwealth ', NULL, '2018-10-29 19:47:37', 'NCR'),
(711, '', 3, 'Polytechnic University Of The Philippines – Lopez', NULL, '2018-10-29 19:47:37', 'NCR'),
(712, '', 3, 'Polytechnic University Of The Philippines-Maragondon ', NULL, '2018-10-29 19:47:37', 'NCR'),
(713, '', 3, 'Polytechnic University Of The Philippines-Mariveles ', NULL, '2018-10-29 19:47:37', 'NCR'),
(714, '', 3, 'Polytechnic University Of The Philippines – Mulanay ', NULL, '2018-10-29 19:47:37', 'NCR'),
(715, '', 3, 'Polytechnic University Of The Philippines-Open University ', NULL, '2018-10-29 19:47:37', 'NCR'),
(716, '', 3, 'Polytechnic University Of The Philippines-Paranaque Campus ', NULL, '2018-10-29 19:47:37', 'NCR'),
(717, '', 3, 'Polytechnic University Of The Philippines-Pulilan ', NULL, '2018-10-29 19:47:37', 'NCR'),
(718, '', 3, 'Polytechnic University Of The Philippines-Ragay ', NULL, '2018-10-29 19:47:37', 'NCR'),
(719, '', 3, 'Polytechnic University Of The Philippines-Rizal ', NULL, '2018-10-29 19:47:37', 'NCR'),
(720, '', 3, 'Polytechnic University Of The Philippines-San Juan Campus ', NULL, '2018-10-29 19:47:37', 'NCR'),
(721, '', 3, '\"Polytechnic University Of The Philippines-Sta. Maria', NULL, '2018-10-29 19:47:37', 'NCR'),
(722, '', 3, 'Polytechnic University Of The Philippines – Sto. Tomas', NULL, '2018-10-29 19:47:37', 'NCR'),
(723, '', 3, 'Polytechnic University Of The Philippines-Taguig ', NULL, '2018-10-29 19:47:37', 'NCR'),
(724, '', 3, 'Polytechnic University Of The Philippines – Unisan', NULL, '2018-10-29 19:47:37', 'NCR'),
(725, '', 3, 'Rizal Technological University', NULL, '2018-10-29 19:47:37', 'NCR'),
(726, '', 3, 'Rizal Technological University – Pasig', NULL, '2018-10-29 19:47:37', 'NCR'),
(727, '', 3, '\"Technological University Of The Philippines-Ayala Blvd.', NULL, '2018-10-29 19:47:37', 'NCR'),
(728, '', 3, 'Technological University Of The Philippines – Cavite', NULL, '2018-10-29 19:47:37', 'NCR'),
(729, '', 3, 'Technological University Of The Philippines-Taguig ', NULL, '2018-10-29 19:47:37', 'NCR'),
(730, '', 3, 'Technological University Of The Philippines – Visayas Talisay', NULL, '2018-10-29 19:47:37', 'NCR'),
(731, '', 3, 'University Of The Philippines – Los Baños', NULL, '2018-10-29 19:47:37', 'NCR');

--
-- Indexes for dumped tables
--

--
-- Indexes for table `academic_degrees`
--
ALTER TABLE `academic_degrees`
  ADD PRIMARY KEY (`id`),
  ADD UNIQUE KEY `name` (`name`);

--
-- Indexes for table `course`
--
ALTER TABLE `course`
  ADD PRIMARY KEY (`id`);

--
-- Indexes for table `degree_types`
--
ALTER TABLE `degree_types`
  ADD PRIMARY KEY (`id`),
  ADD KEY `academic_degree_id` (`academic_degree_id`);

--
-- Indexes for table `school`
--
ALTER TABLE `school`
  ADD PRIMARY KEY (`id`);

--
-- AUTO_INCREMENT for dumped tables
--

--
-- AUTO_INCREMENT for table `academic_degrees`
--
ALTER TABLE `academic_degrees`
  MODIFY `id` int(10) UNSIGNED NOT NULL AUTO_INCREMENT, AUTO_INCREMENT=5;

--
-- AUTO_INCREMENT for table `course`
--
ALTER TABLE `course`
  MODIFY `id` int(11) NOT NULL AUTO_INCREMENT, AUTO_INCREMENT=77;

--
-- AUTO_INCREMENT for table `degree_types`
--
ALTER TABLE `degree_types`
  MODIFY `id` int(10) UNSIGNED NOT NULL AUTO_INCREMENT, AUTO_INCREMENT=16;

--
-- AUTO_INCREMENT for table `school`
--
ALTER TABLE `school`
  MODIFY `id` int(11) NOT NULL AUTO_INCREMENT, AUTO_INCREMENT=732;

--
-- Constraints for dumped tables
--

--
-- Constraints for table `degree_types`
--
ALTER TABLE `degree_types`
  ADD CONSTRAINT `degree_types_ibfk_1` FOREIGN KEY (`academic_degree_id`) REFERENCES `academic_degrees` (`id`) ON DELETE CASCADE ON UPDATE CASCADE;
COMMIT;

/*!40101 SET CHARACTER_SET_CLIENT=@OLD_CHARACTER_SET_CLIENT */;
/*!40101 SET CHARACTER_SET_RESULTS=@OLD_CHARACTER_SET_RESULTS */;
/*!40101 SET COLLATION_CONNECTION=@OLD_COLLATION_CONNECTION */;
